"seller_zip_code_prefix","seller_city","seller_state","total_delivered_orders","delayed_orders_1_60","delayed_orders_rate_percent","avg_delay_days","avg_review_score","negative_reviews","negative_review_rate_percent","sort_order"
"03390",sao paulo,SP,14,9,64.29,10.11,1.00,9,100.00,1
"08223",sao paulo,SP,12,4,33.33,18.00,1.75,3,75.00,2
"32310",contagem,MG,13,4,30.77,9.50,2.00,3,75.00,3
"88801",criciuma,SC,20,6,30.00,17.17,1.83,4,66.67,4
"14010",ribeirao preto,SP,10,3,30.00,9.00,2.33,2,66.67,5
"59077",natal,RN,14,4,28.57,9.75,1.00,4,100.00,6
"02451",sao paulo,SP,15,4,26.67,7.75,2.00,3,75.00,7
"08030",sao paulo,SP,42,11,26.19,4.64,2.27,6,54.55,8
"15015",sao jose do rio preto,SP,55,14,25.45,11.14,2.14,9,64.29,9
"85851",foz do iguacu,PR,83,21,25.30,27.67,1.33,19,90.48,10
"05170",sao paulo,SP,12,3,25.00,6.67,2.67,2,66.67,11
"15840",itajobi,SP,21,5,23.81,9.60,2.00,4,80.00,12
"13145",paulinia,SP,17,4,23.53,11.50,1.75,3,75.00,13
"07097",guarulhos,SP,64,15,23.44,7.13,2.27,9,60.00,14
"89288",sao bento do sul,SC,13,3,23.08,11.33,2.33,2,66.67,15
"03017",sao paulo,SP,96,21,21.88,9.24,1.38,18,85.71,16
"07123",guarulhos,SP,14,3,21.43,7.33,1.00,3,100.00,17
"91920",porto alegre,RS,19,4,21.05,6.75,2.00,3,75.00,18
"89214",joinville,SC,43,9,20.93,8.00,1.33,8,88.89,19
"03018",sao paulo,SP,35,7,20.00,4.86,2.00,5,71.43,20
"08140",sao paulo,SP,20,4,20.00,9.75,2.00,3,75.00,21
"85880",itaipulandia,PR,10,2,20.00,8.00,1.00,2,100.00,22
"03322",sao paulo,SP,16,3,18.75,15.00,1.00,3,100.00,23
"13418",piracicaba,SP,16,3,18.75,8.67,1.00,3,100.00,24
"02969",sao paulo,SP,16,3,18.75,6.33,2.00,2,66.67,25
"65072",sao luis,MA,389,71,18.25,8.06,2.31,41,57.75,26
"13520",sao pedro,SP,33,6,18.18,6.17,1.67,5,83.33,27
"07023",guarulhos,SP,22,4,18.18,3.75,2.00,3,75.00,28
"13880",vargem grande do sul,SP,11,2,18.18,5.50,1.50,2,100.00,29
"03304",sao paulo,SP,11,2,18.18,5.50,1.00,2,100.00,30
"03445",sao paulo,SP,11,2,18.18,11.00,1.50,2,100.00,31
"21921",rio de janeiro,RJ,11,2,18.18,30.50,1.00,2,100.00,32
"74563",goiania,GO,11,2,18.18,11.00,1.00,2,100.00,33
"05303",sao  paulo,SP,50,9,18.00,7.67,1.78,7,77.78,34
"09175",santo andre,SP,17,3,17.65,8.00,2.67,2,66.67,35
"03679",sao paulo,SP,17,3,17.65,5.67,2.00,2,66.67,36
"06162",osasco,SP,63,11,17.46,10.27,2.64,6,54.55,37
"13253",itatiba,SP,35,6,17.14,8.00,2.33,4,66.67,38
"06506",santana de parnaiba,SP,108,18,16.67,5.83,1.39,16,88.89,39
"11040",santos,SP,30,5,16.67,6.00,2.20,3,60.00,40
"03520",sao paulo,SP,18,3,16.67,8.00,2.33,2,66.67,41
"14078",ribeirao preto,SP,12,2,16.67,11.50,1.50,2,100.00,42
"87030",maringa,PR,247,41,16.60,9.68,2.02,28,68.29,43
"35530",claudio,MG,86,14,16.28,7.43,2.00,10,71.43,44
"09560",sao caetano do sul,SP,43,7,16.28,10.00,1.86,4,57.14,45
"25561",sao joao de meriti,RJ,37,6,16.22,9.33,1.00,6,100.00,46
"01021",sao paulo,SP,37,6,16.22,13.33,2.00,4,66.67,47
"01512",sao paulo,SP,68,11,16.18,7.27,1.27,10,90.91,48
"31910",belo horizonte,MG,57,9,15.79,8.67,1.78,7,77.78,49
"13483",limeira,SP,216,34,15.74,12.24,1.79,25,73.53,50
"14085",ribeirao preto,SP,78,12,15.38,10.58,1.83,9,75.00,51
"07174",guarulhos,SP,39,6,15.38,7.83,1.67,4,66.67,52
"21931",rio de janeiro,RJ,13,2,15.38,7.00,1.00,2,100.00,53
"06040",osasco,SP,13,2,15.38,4.00,1.50,2,100.00,54
"07070",guarulhos,SP,13,2,15.38,9.50,1.00,2,100.00,55
"13375",mombuca,SP,33,5,15.15,23.40,1.40,4,80.00,56
"02976",sao paulo,SP,20,3,15.00,6.00,2.33,2,66.67,57
"05634",sao paulo,SP,20,3,15.00,9.33,2.00,2,66.67,58
"13140",paulinia,SP,20,3,15.00,3.67,2.67,2,66.67,59
"45816",arraial d'ajuda (porto seguro),BA,27,4,14.81,15.00,1.50,3,75.00,60
"05373",sao paulo,SP,34,5,14.71,9.60,1.80,4,80.00,61
"05181",sao paulo,SP,41,6,14.63,10.83,1.83,5,83.33,62
"21235",rio de janeiro,RJ,49,7,14.29,13.29,1.29,6,85.71,63
"88704",tubarao,SC,28,4,14.29,19.75,1.75,3,75.00,64
"04250",sao paulo,SP,28,4,14.29,5.00,1.75,3,75.00,65
"13215",jundiai,SP,14,2,14.29,7.50,1.00,2,100.00,66
"22640",rio de janeiro,RJ,14,2,14.29,10.50,1.00,2,100.00,67
"07180",guarulhos,SP,14,2,14.29,7.50,1.00,2,100.00,68
"08180",sao paulo,SP,71,10,14.08,5.10,1.20,10,100.00,69
"14090",ribeirao preto,SP,79,11,13.92,7.91,2.09,8,72.73,70
"12942",atibaia,SP,36,5,13.89,5.00,2.40,4,80.00,71
"08752",mogi das cruzes,SP,130,18,13.85,15.94,2.00,12,66.67,72
"14110",ribeirao preto,SP,116,16,13.79,10.06,1.81,13,81.25,73
"09628",sao bernardo do campo,SP,218,30,13.76,10.10,2.23,16,53.33,74
"13901",amparo,SP,22,3,13.64,14.33,1.67,2,66.67,75
"12233",sao jose dos campos,SP,84,11,13.10,12.91,2.00,7,63.64,76
"13347",indaiatuba,SP,107,14,13.08,13.50,1.71,11,78.57,77
"06144",osasco,SP,23,3,13.04,11.33,1.67,2,66.67,78
"03059",sao paulo,SP,23,3,13.04,9.67,1.33,3,100.00,79
"03916",sao paulo,SP,31,4,12.90,10.50,1.00,4,100.00,80
"14092",ribeirao preto,SP,374,48,12.83,9.40,2.00,33,68.75,81
"01547",sao paulo,SP,39,5,12.82,12.80,1.80,4,80.00,82
"11431",guaruja,SP,39,5,12.82,8.20,1.80,4,80.00,83
"02285",sao paulo,SP,127,16,12.60,5.00,2.19,10,62.50,84
"81770",curitiba,PR,88,11,12.50,7.82,1.36,9,81.82,85
"70719",brasilia,DF,24,3,12.50,6.33,2.00,2,66.67,86
"22793",rio de janeiro,RJ,16,2,12.50,10.00,1.00,2,100.00,87
"15130",mirassol,SP,16,2,12.50,12.50,1.00,2,100.00,88
"13165",engenheiro coelho,SP,16,2,12.50,10.00,1.50,2,100.00,89
"03471",sao paulo,SP,121,15,12.40,7.80,2.33,9,60.00,90
"03275",sao paulo,SP,57,7,12.28,9.00,2.00,5,71.43,91
"13566",sao carlos,SP,41,5,12.20,12.40,2.00,4,80.00,92
"24440",sao goncalo,RJ,107,13,12.15,4.38,2.62,7,53.85,93
"13730",mococa,SP,33,4,12.12,14.00,1.25,4,100.00,94
"18500",laranjal paulista,SP,223,27,12.11,10.30,1.81,20,74.07,95
"14050",ribeirao preto,SP,680,82,12.06,10.94,1.90,60,73.17,96
"13257",itatiba,SP,300,36,12.00,9.92,1.83,28,77.78,97
"84530",teixeira soares,PR,50,6,12.00,17.83,1.50,6,100.00,98
"03813",sao paulo,SP,25,3,12.00,6.67,1.00,3,100.00,99
"29480",muqui,ES,25,3,12.00,13.00,1.67,2,66.67,100
"05141",pirituba,SP,151,18,11.92,10.22,1.78,13,72.22,101
"03872",sao paulo,SP,136,16,11.76,9.25,2.31,9,56.25,102
"35170",coronel fabriciano,MG,34,4,11.76,11.00,1.50,3,75.00,103
"02407",sao paulo,SP,77,9,11.69,14.78,1.11,9,100.00,104
"09912",diadema,SP,26,3,11.54,10.67,2.00,2,66.67,105
"13660",porto ferreira,SP,166,19,11.45,11.30,2.30,12,63.16,106
"03273",sao paulo,SP,44,5,11.36,3.80,2.00,3,60.00,107
"08583",itaquaquecetuba,SP,62,7,11.29,14.57,2.14,4,57.14,108
"35501",divinopolis,MG,63,7,11.11,9.43,1.57,6,85.71,109
"80060",curitiba,PR,18,2,11.11,5.50,1.00,2,100.00,110
