AREA,AREA NAME,LAT_cell,LON_cell,Crime Count,Area Total,Crime %
1,Central,34.04,-118.26,16020,69668,22.995
1,Central,34.04,-118.25,13035,69668,18.71
1,Central,34.04,-118.27,9115,69668,13.083
1,Central,34.05,-118.25,5205,69668,7.471
1,Central,34.05,-118.24000000000001,4682,69668,6.72
1,Central,34.05,-118.26,4461,69668,6.403
1,Central,34.03,-118.27,4003,69668,5.746
1,Central,34.04,-118.24000000000001,3620,69668,5.196
1,Central,34.06,-118.25,3040,69668,4.364
1,Central,34.06,-118.24000000000001,1716,69668,2.463
1,Central,34.03,-118.26,1473,69668,2.114
1,Central,34.03,-118.24000000000001,1257,69668,1.804
1,Central,34.03,-118.25,539,69668,0.774
1,Central,34.03,-118.28,530,69668,0.761
1,Central,34.06,-118.23,308,69668,0.442
1,Central,34.07,-118.24000000000001,205,69668,0.294
1,Central,34.07,-118.25,106,69668,0.152
1,Central,34.04,-118.28,98,69668,0.141
1,Central,34.06,-118.26,89,69668,0.128
1,Central,34.07,-118.23,77,69668,0.111
1,Central,34.03,-118.23,27,69668,0.039
1,Central,34.05,-118.27,20,69668,0.029
1,Central,34.07,-118.26,19,69668,0.027
1,Central,34.05,-118.23,6,69668,0.009
1,Central,34.02,-118.27,4,69668,0.006
1,Central,33.96,-118.27,2,69668,0.003
1,Central,34.04,-118.29,2,69668,0.003
1,Central,33.72,-118.38,1,69668,0.001
1,Central,33.72,-118.27,1,69668,0.001
1,Central,33.74,-118.25,1,69668,0.001
1,Central,33.74,-118.21000000000001,1,69668,0.001
1,Central,34.0,-118.28,1,69668,0.001
1,Central,34.02,-118.28,1,69668,0.001
1,Central,34.04,-118.3,1,69668,0.001
1,Central,34.06,-118.37,1,69668,0.001
1,Central,34.06,-118.27,1,69668,0.001
2,Rampart,34.05,-118.28,7977,46824,17.036
2,Rampart,34.05,-118.27,6712,46824,14.335
2,Rampart,34.06,-118.28,4309,46824,9.203
2,Rampart,34.06,-118.27,3234,46824,6.907
2,Rampart,34.04,-118.28,2647,46824,5.653
2,Rampart,34.07,-118.28,2330,46824,4.976
2,Rampart,34.06,-118.26,2015,46824,4.303
2,Rampart,34.06,-118.29,1905,46824,4.068
2,Rampart,34.08,-118.3,1795,46824,3.834
2,Rampart,34.08,-118.29,1777,46824,3.795
2,Rampart,34.05,-118.29,1771,46824,3.782
2,Rampart,34.07,-118.29,1656,46824,3.537
2,Rampart,34.07,-118.27,1487,46824,3.176
2,Rampart,34.04,-118.29,1334,46824,2.849
2,Rampart,34.07,-118.3,1326,46824,2.832
2,Rampart,34.08,-118.28,1093,46824,2.334
2,Rampart,34.07,-118.26,1015,46824,2.168
2,Rampart,34.05,-118.26,607,46824,1.296
2,Rampart,34.04,-118.27,456,46824,0.974
2,Rampart,34.03,-118.28,284,46824,0.607
2,Rampart,34.09,-118.3,240,46824,0.513
2,Rampart,34.06,-118.25,238,46824,0.508
2,Rampart,34.03,-118.29,204,46824,0.436
2,Rampart,34.09,-118.29,183,46824,0.391
2,Rampart,34.08,-118.31,101,46824,0.216
2,Rampart,34.09,-118.28,71,46824,0.152
2,Rampart,34.07,-118.31,41,46824,0.088
2,Rampart,34.09,-118.31,6,46824,0.013
2,Rampart,34.06,-118.31,2,46824,0.004
2,Rampart,34.06,-118.3,2,46824,0.004
2,Rampart,33.99,-118.46000000000001,1,46824,0.002
2,Rampart,34.03,-118.26,1,46824,0.002
2,Rampart,34.05,-118.31,1,46824,0.002
2,Rampart,34.06,-118.37,1,46824,0.002
2,Rampart,34.06,-118.24000000000001,1,46824,0.002
2,Rampart,34.08,-118.26,1,46824,0.002
3,Southwest,34.02,-118.29,3859,57434,6.719
3,Southwest,34.01,-118.35000000000001,3316,57434,5.774
3,Southwest,34.01,-118.3,2756,57434,4.799
3,Southwest,34.01,-118.31,2526,57434,4.398
3,Southwest,34.02,-118.31,2382,57434,4.147
3,Southwest,34.01,-118.36,2155,57434,3.752
3,Southwest,34.02,-118.3,2109,57434,3.672
3,Southwest,34.03,-118.29,1970,57434,3.43
3,Southwest,34.01,-118.29,1900,57434,3.308
3,Southwest,34.0,-118.29,1854,57434,3.228
3,Southwest,34.0,-118.3,1745,57434,3.038
3,Southwest,34.02,-118.36,1696,57434,2.953
3,Southwest,34.03,-118.31,1675,57434,2.916
3,Southwest,34.03,-118.3,1618,57434,2.817
3,Southwest,34.01,-118.34,1609,57434,2.801
3,Southwest,34.0,-118.33,1595,57434,2.777
3,Southwest,34.02,-118.35000000000001,1588,57434,2.765
3,Southwest,34.01,-118.32000000000001,1556,57434,2.709
3,Southwest,34.02,-118.34,1530,57434,2.664
3,Southwest,34.02,-118.28,1442,57434,2.511
3,Southwest,34.0,-118.31,1402,57434,2.441
3,Southwest,34.02,-118.32000000000001,1394,57434,2.427
3,Southwest,34.02,-118.33,1280,57434,2.229
3,Southwest,34.02,-118.37,1165,57434,2.028
3,Southwest,34.03,-118.34,1100,57434,1.915
3,Southwest,34.02,-118.38,1053,57434,1.833
3,Southwest,34.03,-118.32000000000001,1000,57434,1.741
3,Southwest,34.0,-118.34,928,57434,1.616
3,Southwest,34.03,-118.33,907,57434,1.579
3,Southwest,34.01,-118.33,779,57434,1.356
3,Southwest,34.0,-118.32000000000001,772,57434,1.344
3,Southwest,34.03,-118.28,721,57434,1.255
3,Southwest,34.03,-118.35000000000001,666,57434,1.16
3,Southwest,34.03,-118.36,603,57434,1.05
3,Southwest,33.99,-118.33,582,57434,1.013
3,Southwest,34.03,-118.37,573,57434,0.998
3,Southwest,34.01,-118.37,419,57434,0.73
3,Southwest,34.0,-118.36,394,57434,0.686
3,Southwest,34.0,-118.35000000000001,365,57434,0.636
3,Southwest,33.99,-118.34,146,57434,0.254
3,Southwest,33.99,-118.32000000000001,140,57434,0.244
3,Southwest,34.01,-118.28,58,57434,0.101
3,Southwest,34.01,-118.38,44,57434,0.077
3,Southwest,34.03,-118.38,25,57434,0.044
3,Southwest,34.02,-118.39,18,57434,0.031
3,Southwest,33.99,-118.36,9,57434,0.016
3,Southwest,34.0,-118.37,6,57434,0.01
3,Southwest,33.980000000000004,-118.34,1,57434,0.002
3,Southwest,33.980000000000004,-118.31,1,57434,0.002
4,Hollenbeck,34.04,-118.21000000000001,2597,37081,7.004
4,Hollenbeck,34.04,-118.22,2514,37081,6.78
4,Hollenbeck,34.07,-118.22,2120,37081,5.717
4,Hollenbeck,34.02,-118.22,1839,37081,4.959
4,Hollenbeck,34.03,-118.22,1609,37081,4.339
4,Hollenbeck,34.02,-118.21000000000001,1534,37081,4.137
4,Hollenbeck,34.03,-118.21000000000001,1302,37081,3.511
4,Hollenbeck,34.05,-118.21000000000001,1234,37081,3.328
4,Hollenbeck,34.03,-118.2,1201,37081,3.239
4,Hollenbeck,34.05,-118.22,1201,37081,3.239
4,Hollenbeck,34.08,-118.18,1080,37081,2.913
4,Hollenbeck,34.05,-118.2,1061,37081,2.861
4,Hollenbeck,34.02,-118.2,1051,37081,2.834
4,Hollenbeck,34.04,-118.23,1051,37081,2.834
4,Hollenbeck,34.06,-118.22,1026,37081,2.767
4,Hollenbeck,34.01,-118.21000000000001,918,37081,2.476
4,Hollenbeck,34.06,-118.21000000000001,912,37081,2.459
4,Hollenbeck,34.08,-118.19,835,37081,2.252
4,Hollenbeck,34.04,-118.2,789,37081,2.128
4,Hollenbeck,34.07,-118.21000000000001,723,37081,1.95
4,Hollenbeck,34.07,-118.18,653,37081,1.761
4,Hollenbeck,34.08,-118.17,626,37081,1.688
4,Hollenbeck,34.03,-118.23,602,37081,1.623
4,Hollenbeck,34.02,-118.23,587,37081,1.583
4,Hollenbeck,34.06,-118.2,563,37081,1.518
4,Hollenbeck,34.09,-118.17,548,37081,1.478
4,Hollenbeck,34.07,-118.23,547,37081,1.475
4,Hollenbeck,34.06,-118.19,490,37081,1.321
4,Hollenbeck,34.08,-118.22,490,37081,1.321
4,Hollenbeck,34.05,-118.23,486,37081,1.311
4,Hollenbeck,34.1,-118.19,483,37081,1.303
4,Hollenbeck,34.08,-118.21000000000001,460,37081,1.241
4,Hollenbeck,34.06,-118.18,437,37081,1.179
4,Hollenbeck,34.07,-118.2,432,37081,1.165
4,Hollenbeck,34.09,-118.19,403,37081,1.087
4,Hollenbeck,34.07,-118.17,388,37081,1.046
4,Hollenbeck,34.01,-118.22,365,37081,0.984
4,Hollenbeck,34.08,-118.2,343,37081,0.925
4,Hollenbeck,34.01,-118.2,317,37081,0.855
4,Hollenbeck,34.06,-118.23,304,37081,0.82
4,Hollenbeck,34.09,-118.21000000000001,210,37081,0.566
4,Hollenbeck,34.07,-118.19,176,37081,0.475
4,Hollenbeck,34.09,-118.18,157,37081,0.423
4,Hollenbeck,34.09,-118.2,111,37081,0.299
4,Hollenbeck,34.09,-118.16,79,37081,0.213
4,Hollenbeck,34.01,-118.23,61,37081,0.165
4,Hollenbeck,34.08,-118.23,44,37081,0.119
4,Hollenbeck,34.1,-118.18,42,37081,0.113
4,Hollenbeck,34.1,-118.2,29,37081,0.078
4,Hollenbeck,34.11,-118.18,29,37081,0.078
4,Hollenbeck,34.04,-118.24000000000001,14,37081,0.038
4,Hollenbeck,34.1,-118.21000000000001,2,37081,0.005
4,Hollenbeck,33.97,-118.28,1,37081,0.003
4,Hollenbeck,34.06,-118.17,1,37081,0.003
5,Harbor,33.730000000000004,-118.29,2774,41392,6.702
5,Harbor,33.730000000000004,-118.3,2361,41392,5.704
5,Harbor,33.74,-118.29,2030,41392,4.904
5,Harbor,33.77,-118.27,1868,41392,4.513
5,Harbor,33.78,-118.27,1683,41392,4.066
5,Harbor,33.77,-118.28,1596,41392,3.856
5,Harbor,33.74,-118.3,1576,41392,3.807
5,Harbor,33.72,-118.3,1518,41392,3.667
5,Harbor,33.79,-118.27,1340,41392,3.237
5,Harbor,33.78,-118.28,1318,41392,3.184
5,Harbor,33.79,-118.3,1226,41392,2.962
5,Harbor,33.72,-118.29,1118,41392,2.701
5,Harbor,33.79,-118.31,982,41392,2.372
5,Harbor,33.78,-118.26,965,41392,2.331
5,Harbor,33.78,-118.31,946,41392,2.285
5,Harbor,33.82,-118.31,888,41392,2.145
5,Harbor,33.78,-118.25,882,41392,2.131
5,Harbor,33.79,-118.28,822,41392,1.986
5,Harbor,33.85,-118.3,771,41392,1.863
5,Harbor,33.84,-118.31,736,41392,1.778
5,Harbor,33.83,-118.31,716,41392,1.73
5,Harbor,33.75,-118.31,696,41392,1.681
5,Harbor,33.71,-118.3,664,41392,1.604
5,Harbor,33.730000000000004,-118.31,617,41392,1.491
5,Harbor,33.78,-118.3,592,41392,1.43
5,Harbor,33.76,-118.3,587,41392,1.418
5,Harbor,33.81,-118.31,570,41392,1.377
5,Harbor,33.74,-118.31,497,41392,1.201
5,Harbor,33.86,-118.3,483,41392,1.167
5,Harbor,33.79,-118.29,477,41392,1.152
5,Harbor,33.71,-118.29,466,41392,1.126
5,Harbor,33.75,-118.3,435,41392,1.051
5,Harbor,33.72,-118.31,421,41392,1.017
5,Harbor,33.79,-118.25,409,41392,0.988
5,Harbor,33.86,-118.29,399,41392,0.964
5,Harbor,33.85,-118.31,338,41392,0.817
5,Harbor,33.74,-118.28,334,41392,0.807
5,Harbor,33.8,-118.31,327,41392,0.79
5,Harbor,33.72,-118.32000000000001,274,41392,0.662
5,Harbor,33.77,-118.26,272,41392,0.657
5,Harbor,33.77,-118.25,268,41392,0.647
5,Harbor,33.79,-118.26,249,41392,0.602
5,Harbor,33.75,-118.29,234,41392,0.565
5,Harbor,33.74,-118.32000000000001,225,41392,0.544
5,Harbor,33.76,-118.31,196,41392,0.474
5,Harbor,33.78,-118.24000000000001,186,41392,0.449
5,Harbor,33.78,-118.29,180,41392,0.435
5,Harbor,33.71,-118.31,176,41392,0.425
5,Harbor,33.730000000000004,-118.32000000000001,170,41392,0.411
5,Harbor,33.8,-118.27,170,41392,0.411
5,Harbor,33.7,-118.3,162,41392,0.391
5,Harbor,33.72,-118.28,161,41392,0.389
5,Harbor,33.7,-118.29,144,41392,0.348
5,Harbor,33.79,-118.24000000000001,137,41392,0.331
5,Harbor,33.72,-118.33,133,41392,0.321
5,Harbor,33.730000000000004,-118.28,113,41392,0.273
5,Harbor,33.76,-118.25,111,41392,0.268
5,Harbor,33.86,-118.31,107,41392,0.259
5,Harbor,33.83,-118.3,103,41392,0.249
5,Harbor,33.82,-118.3,101,41392,0.244
5,Harbor,33.84,-118.3,101,41392,0.244
5,Harbor,33.74,-118.27,94,41392,0.227
5,Harbor,33.76,-118.29,88,41392,0.213
5,Harbor,33.76,-118.27,76,41392,0.184
5,Harbor,33.81,-118.3,72,41392,0.174
5,Harbor,33.77,-118.29,71,41392,0.172
5,Harbor,33.78,-118.23,63,41392,0.152
5,Harbor,33.71,-118.32000000000001,56,41392,0.135
5,Harbor,33.76,-118.32000000000001,56,41392,0.135
5,Harbor,33.87,-118.29,49,41392,0.118
5,Harbor,33.79,-118.23,44,41392,0.106
5,Harbor,33.77,-118.31,38,41392,0.092
5,Harbor,33.87,-118.3,38,41392,0.092
5,Harbor,33.8,-118.3,28,41392,0.068
5,Harbor,33.76,-118.26,27,41392,0.065
5,Harbor,33.8,-118.26,25,41392,0.06
5,Harbor,33.730000000000004,-118.27,23,41392,0.056
5,Harbor,33.72,-118.27,19,41392,0.046
5,Harbor,33.71,-118.33,18,41392,0.043
5,Harbor,33.730000000000004,-118.24000000000001,17,41392,0.041
5,Harbor,33.75,-118.26,14,41392,0.034
5,Harbor,33.8,-118.23,14,41392,0.034
5,Harbor,33.85,-118.29,13,41392,0.031
5,Harbor,33.77,-118.3,12,41392,0.029
5,Harbor,33.74,-118.26,8,41392,0.019
5,Harbor,33.75,-118.25,7,41392,0.017
5,Harbor,33.71,-118.28,4,41392,0.01
5,Harbor,33.71,-118.26,3,41392,0.007
5,Harbor,33.82,-118.23,3,41392,0.007
5,Harbor,33.77,-118.24000000000001,2,41392,0.005
5,Harbor,33.980000000000004,-118.31,2,41392,0.005
5,Harbor,33.72,-118.26,1,41392,0.002
5,Harbor,33.75,-118.28,1,41392,0.002
5,Harbor,33.75,-118.27,1,41392,0.002
5,Harbor,33.8,-118.25,1,41392,0.002
5,Harbor,33.84,-118.29,1,41392,0.002
5,Harbor,34.0,-118.28,1,41392,0.002
6,Hollywood,34.1,-118.34,6338,52429,12.089
6,Hollywood,34.09,-118.33,5046,52429,9.624
6,Hollywood,34.09,-118.34,4953,52429,9.447
6,Hollywood,34.1,-118.33,4401,52429,8.394
6,Hollywood,34.1,-118.35000000000001,4008,52429,7.645
6,Hollywood,34.09,-118.35000000000001,3395,52429,6.475
6,Hollywood,34.09,-118.31,3380,52429,6.447
6,Hollywood,34.09,-118.32000000000001,3037,52429,5.793
6,Hollywood,34.1,-118.32000000000001,2915,52429,5.56
6,Hollywood,34.1,-118.31,2644,52429,5.043
6,Hollywood,34.08,-118.31,1749,52429,3.336
6,Hollywood,34.08,-118.33,1537,52429,2.932
6,Hollywood,34.09,-118.36,1269,52429,2.42
6,Hollywood,34.08,-118.32000000000001,1074,52429,2.048
6,Hollywood,34.09,-118.37,867,52429,1.654
6,Hollywood,34.08,-118.34,603,52429,1.15
6,Hollywood,34.11,-118.33,507,52429,0.967
6,Hollywood,34.11,-118.34,406,52429,0.774
6,Hollywood,34.1,-118.36,392,52429,0.748
6,Hollywood,34.11,-118.37,380,52429,0.725
6,Hollywood,34.1,-118.38,335,52429,0.639
6,Hollywood,34.12,-118.32000000000001,312,52429,0.595
6,Hollywood,34.11,-118.32000000000001,307,52429,0.586
6,Hollywood,34.1,-118.37,293,52429,0.559
6,Hollywood,34.09,-118.39,269,52429,0.513
6,Hollywood,34.12,-118.33,194,52429,0.37
6,Hollywood,34.11,-118.35000000000001,186,52429,0.355
6,Hollywood,34.08,-118.35000000000001,165,52429,0.315
6,Hollywood,34.09,-118.38,164,52429,0.313
6,Hollywood,34.11,-118.39,144,52429,0.275
6,Hollywood,34.1,-118.39,142,52429,0.271
6,Hollywood,34.12,-118.35000000000001,137,52429,0.261
6,Hollywood,34.13,-118.34,123,52429,0.235
6,Hollywood,34.13,-118.35000000000001,118,52429,0.225
6,Hollywood,34.12,-118.34,101,52429,0.193
6,Hollywood,34.11,-118.38,100,52429,0.191
6,Hollywood,34.09,-118.4,80,52429,0.153
6,Hollywood,34.11,-118.36,70,52429,0.134
6,Hollywood,34.12,-118.37,68,52429,0.13
6,Hollywood,34.12,-118.38,60,52429,0.114
6,Hollywood,34.12,-118.36,38,52429,0.072
6,Hollywood,34.12,-118.39,23,52429,0.044
6,Hollywood,34.11,-118.31,21,52429,0.04
6,Hollywood,34.1,-118.4,15,52429,0.029
6,Hollywood,34.13,-118.33,14,52429,0.027
6,Hollywood,34.12,-118.4,11,52429,0.021
6,Hollywood,34.11,-118.4,9,52429,0.017
6,Hollywood,34.13,-118.32000000000001,7,52429,0.013
6,Hollywood,34.06,-118.31,4,52429,0.008
6,Hollywood,34.09,-118.3,3,52429,0.006
6,Hollywood,33.75,-118.31,1,52429,0.002
6,Hollywood,34.02,-118.36,1,52429,0.002
6,Hollywood,34.02,-118.35000000000001,1,52429,0.002
6,Hollywood,34.04,-118.32000000000001,1,52429,0.002
6,Hollywood,34.05,-118.36,1,52429,0.002
6,Hollywood,34.09,-118.5,1,52429,0.002
6,Hollywood,34.09,-118.28,1,52429,0.002
6,Hollywood,34.18,-118.41,1,52429,0.002
7,Wilshire,34.07,-118.38,3783,48237,7.843
7,Wilshire,34.06,-118.35000000000001,3701,48237,7.673
7,Wilshire,34.07,-118.36,3344,48237,6.932
7,Wilshire,34.04,-118.35000000000001,2542,48237,5.27
7,Wilshire,34.04,-118.33,2235,48237,4.633
7,Wilshire,34.06,-118.36,2024,48237,4.196
7,Wilshire,34.07,-118.37,1964,48237,4.072
7,Wilshire,34.04,-118.34,1881,48237,3.899
7,Wilshire,34.05,-118.35000000000001,1726,48237,3.578
7,Wilshire,34.08,-118.36,1635,48237,3.39
7,Wilshire,34.08,-118.35000000000001,1614,48237,3.346
7,Wilshire,34.06,-118.37,1409,48237,2.921
7,Wilshire,34.04,-118.36,1393,48237,2.888
7,Wilshire,34.05,-118.37,1248,48237,2.587
7,Wilshire,34.07,-118.35000000000001,1209,48237,2.506
7,Wilshire,34.08,-118.37,1193,48237,2.473
7,Wilshire,34.07,-118.39,1072,48237,2.222
7,Wilshire,34.05,-118.36,1058,48237,2.193
7,Wilshire,34.05,-118.33,1040,48237,2.156
7,Wilshire,34.05,-118.38,1031,48237,2.137
7,Wilshire,34.05,-118.34,951,48237,1.972
7,Wilshire,34.08,-118.38,950,48237,1.969
7,Wilshire,34.04,-118.37,847,48237,1.756
7,Wilshire,34.03,-118.38,828,48237,1.717
7,Wilshire,34.03,-118.35000000000001,828,48237,1.717
7,Wilshire,34.03,-118.33,782,48237,1.621
7,Wilshire,34.07,-118.33,713,48237,1.478
7,Wilshire,34.03,-118.36,711,48237,1.474
7,Wilshire,34.03,-118.37,656,48237,1.36
7,Wilshire,34.04,-118.38,598,48237,1.24
7,Wilshire,34.08,-118.34,574,48237,1.19
7,Wilshire,34.06,-118.34,546,48237,1.132
7,Wilshire,34.03,-118.34,519,48237,1.076
7,Wilshire,34.06,-118.33,353,48237,0.732
7,Wilshire,34.04,-118.32000000000001,350,48237,0.726
7,Wilshire,34.07,-118.34,285,48237,0.591
7,Wilshire,34.06,-118.38,227,48237,0.471
7,Wilshire,34.08,-118.33,203,48237,0.421
7,Wilshire,34.06,-118.32000000000001,80,48237,0.166
7,Wilshire,34.03,-118.32000000000001,74,48237,0.153
7,Wilshire,34.05,-118.32000000000001,48,48237,0.1
7,Wilshire,34.08,-118.3,3,48237,0.006
7,Wilshire,34.02,-118.36,1,48237,0.002
7,Wilshire,34.03,-118.26,1,48237,0.002
7,Wilshire,34.04,-118.31,1,48237,0.002
7,Wilshire,34.04,-118.25,1,48237,0.002
7,Wilshire,34.06,-118.3,1,48237,0.002
7,Wilshire,34.06,-118.24000000000001,1,48237,0.002
7,Wilshire,34.07,-118.4,1,48237,0.002
7,Wilshire,34.09,-118.36,1,48237,0.002
7,Wilshire,34.09,-118.35000000000001,1,48237,0.002
8,West LA,34.04,-118.46000000000001,3388,45725,7.41
8,West LA,34.04,-118.47,2473,45725,5.408
8,West LA,34.04,-118.45,2082,45725,4.553
8,West LA,34.06,-118.42,1782,45725,3.897
8,West LA,34.04,-118.39,1770,45725,3.871
8,West LA,34.03,-118.44,1703,45725,3.724
8,West LA,34.06,-118.45,1696,45725,3.709
8,West LA,34.05,-118.45,1604,45725,3.508
8,West LA,34.05,-118.47,1545,45725,3.379
8,West LA,34.05,-118.39,1475,45725,3.226
8,West LA,34.03,-118.45,1459,45725,3.191
8,West LA,34.04,-118.44,1381,45725,3.02
8,West LA,34.03,-118.46000000000001,1238,45725,2.707
8,West LA,34.05,-118.44,1180,45725,2.581
8,West LA,34.03,-118.39,1160,45725,2.537
8,West LA,34.05,-118.43,1113,45725,2.434
8,West LA,34.03,-118.4,939,45725,2.054
8,West LA,34.05,-118.38,939,45725,2.054
8,West LA,34.05,-118.4,802,45725,1.754
8,West LA,34.06,-118.44,722,45725,1.579
8,West LA,34.04,-118.43,667,45725,1.459
8,West LA,34.04,-118.48,590,45725,1.29
8,West LA,34.03,-118.43,586,45725,1.282
8,West LA,34.03,-118.47,547,45725,1.196
8,West LA,34.06,-118.46000000000001,547,45725,1.196
8,West LA,34.03,-118.41,501,45725,1.096
8,West LA,34.05,-118.42,492,45725,1.076
8,West LA,34.04,-118.53,445,45725,0.973
8,West LA,34.04,-118.38,432,45725,0.945
8,West LA,34.06,-118.43,419,45725,0.916
8,West LA,34.04,-118.42,413,45725,0.903
8,West LA,34.04,-118.56,392,45725,0.857
8,West LA,34.03,-118.42,383,45725,0.838
8,West LA,34.07,-118.47,346,45725,0.757
8,West LA,34.05,-118.48,303,45725,0.663
8,West LA,34.06,-118.47,297,45725,0.65
8,West LA,34.04,-118.4,290,45725,0.634
8,West LA,34.04,-118.54,282,45725,0.617
8,West LA,34.03,-118.38,255,45725,0.558
8,West LA,34.06,-118.39,249,45725,0.545
8,West LA,34.06,-118.48,239,45725,0.523
8,West LA,34.05,-118.41,230,45725,0.503
8,West LA,34.04,-118.55,205,45725,0.448
8,West LA,34.03,-118.53,167,45725,0.365
8,West LA,34.04,-118.41,162,45725,0.354
8,West LA,34.05,-118.49000000000001,161,45725,0.352
8,West LA,34.07,-118.46000000000001,161,45725,0.352
8,West LA,34.1,-118.47,161,45725,0.352
8,West LA,34.03,-118.52,158,45725,0.346
8,West LA,34.05,-118.56,148,45725,0.324
8,West LA,34.06,-118.49000000000001,137,45725,0.3
8,West LA,34.02,-118.52,136,45725,0.297
8,West LA,34.04,-118.52,135,45725,0.295
8,West LA,34.04,-118.57000000000001,131,45725,0.286
8,West LA,34.03,-118.56,126,45725,0.276
8,West LA,34.07,-118.44,126,45725,0.276
8,West LA,34.08,-118.48,122,45725,0.267
8,West LA,34.12,-118.45,122,45725,0.267
8,West LA,34.05,-118.46000000000001,119,45725,0.26
8,West LA,34.03,-118.54,115,45725,0.252
8,West LA,34.09,-118.46000000000001,113,45725,0.247
8,West LA,34.07,-118.48,112,45725,0.245
8,West LA,34.02,-118.46000000000001,111,45725,0.243
8,West LA,34.06,-118.38,111,45725,0.243
8,West LA,34.05,-118.5,109,45725,0.238
8,West LA,34.03,-118.55,108,45725,0.236
8,West LA,34.11,-118.43,100,45725,0.219
8,West LA,34.11,-118.45,93,45725,0.203
8,West LA,34.1,-118.45,89,45725,0.195
8,West LA,34.04,-118.49000000000001,86,45725,0.188
8,West LA,34.08,-118.44,84,45725,0.184
8,West LA,34.11,-118.41,82,45725,0.179
8,West LA,34.07,-118.43,80,45725,0.175
8,West LA,34.07,-118.57000000000001,79,45725,0.173
8,West LA,34.09,-118.43,79,45725,0.173
8,West LA,34.08,-118.46000000000001,75,45725,0.164
8,West LA,34.02,-118.45,74,45725,0.162
8,West LA,34.07,-118.45,73,45725,0.16
8,West LA,34.08,-118.47,70,45725,0.153
8,West LA,34.08,-118.45,70,45725,0.153
8,West LA,34.04,-118.51,68,45725,0.149
8,West LA,34.05,-118.55,66,45725,0.144
8,West LA,34.08,-118.54,66,45725,0.144
8,West LA,34.05,-118.52,63,45725,0.138
8,West LA,34.07,-118.49000000000001,61,45725,0.133
8,West LA,34.02,-118.4,59,45725,0.129
8,West LA,34.12,-118.43,59,45725,0.129
8,West LA,34.1,-118.41,56,45725,0.122
8,West LA,34.09,-118.45,53,45725,0.116
8,West LA,34.12,-118.47,52,45725,0.114
8,West LA,34.05,-118.54,51,45725,0.112
8,West LA,34.11,-118.44,51,45725,0.112
8,West LA,34.1,-118.5,50,45725,0.109
8,West LA,34.06,-118.5,49,45725,0.107
8,West LA,34.09,-118.44,48,45725,0.105
8,West LA,34.05,-118.53,44,45725,0.096
8,West LA,34.12,-118.44,44,45725,0.096
8,West LA,34.05,-118.51,43,45725,0.094
8,West LA,34.1,-118.44,43,45725,0.094
8,West LA,34.09,-118.52,42,45725,0.092
8,West LA,34.09,-118.47,42,45725,0.092
8,West LA,34.09,-118.42,42,45725,0.092
8,West LA,34.07,-118.51,41,45725,0.09
8,West LA,34.12,-118.48,41,45725,0.09
8,West LA,34.09,-118.41,40,45725,0.087
8,West LA,34.11,-118.47,40,45725,0.087
8,West LA,34.1,-118.43,38,45725,0.083
8,West LA,34.07,-118.56,36,45725,0.079
8,West LA,34.11,-118.48,34,45725,0.074
8,West LA,34.06,-118.56,32,45725,0.07
8,West LA,34.12,-118.51,32,45725,0.07
8,West LA,34.07,-118.5,30,45725,0.066
8,West LA,34.12,-118.41,30,45725,0.066
8,West LA,34.11,-118.4,28,45725,0.061
8,West LA,34.07,-118.55,27,45725,0.059
8,West LA,34.03,-118.51,26,45725,0.057
8,West LA,34.08,-118.49000000000001,26,45725,0.057
8,West LA,34.1,-118.42,26,45725,0.057
8,West LA,34.12,-118.5,24,45725,0.052
8,West LA,34.1,-118.49000000000001,22,45725,0.048
8,West LA,34.08,-118.51,21,45725,0.046
8,West LA,34.06,-118.51,19,45725,0.042
8,West LA,34.12,-118.49000000000001,18,45725,0.039
8,West LA,34.09,-118.57000000000001,15,45725,0.033
8,West LA,34.1,-118.48,15,45725,0.033
8,West LA,34.12,-118.42,13,45725,0.028
8,West LA,34.08,-118.43,12,45725,0.026
8,West LA,34.1,-118.46000000000001,12,45725,0.026
8,West LA,34.13,-118.45,11,45725,0.024
8,West LA,34.13,-118.44,11,45725,0.024
8,West LA,34.06,-118.55,10,45725,0.022
8,West LA,34.11,-118.42,10,45725,0.022
8,West LA,34.02,-118.39,8,45725,0.017
8,West LA,34.12,-118.52,8,45725,0.017
8,West LA,34.03,-118.57000000000001,7,45725,0.015
8,West LA,34.08,-118.5,6,45725,0.013
8,West LA,34.13,-118.49000000000001,6,45725,0.013
8,West LA,34.04,-118.5,5,45725,0.011
8,West LA,34.07,-118.58,5,45725,0.011
8,West LA,34.11,-118.49000000000001,5,45725,0.011
8,West LA,34.1,-118.51,4,45725,0.009
8,West LA,34.02,-118.41,3,45725,0.007
8,West LA,34.13,-118.5,3,45725,0.007
8,West LA,34.02,-118.53,2,45725,0.004
8,West LA,34.06,-118.3,2,45725,0.004
8,West LA,34.08,-118.53,2,45725,0.004
8,West LA,34.09,-118.51,2,45725,0.004
8,West LA,34.09,-118.48,2,45725,0.004
8,West LA,34.11,-118.51,2,45725,0.004
8,West LA,34.12,-118.4,2,45725,0.004
8,West LA,34.13,-118.48,2,45725,0.004
8,West LA,34.13,-118.46000000000001,2,45725,0.004
8,West LA,34.04,-118.37,1,45725,0.002
8,West LA,34.05,-118.22,1,45725,0.002
8,West LA,34.07,-118.59,1,45725,0.002
8,West LA,34.09,-118.3,1,45725,0.002
8,West LA,34.13,-118.51,1,45725,0.002
8,West LA,34.13,-118.47,1,45725,0.002
8,West LA,34.13,-118.43,1,45725,0.002
9,Van Nuys,34.18,-118.45,2027,42881,4.727
9,Van Nuys,34.19,-118.45,2025,42881,4.722
9,Van Nuys,34.15,-118.44,1963,42881,4.578
9,Van Nuys,34.19,-118.46000000000001,1949,42881,4.545
9,Van Nuys,34.2,-118.47,1772,42881,4.132
9,Van Nuys,34.15,-118.46000000000001,1616,42881,3.769
9,Van Nuys,34.2,-118.45,1522,42881,3.549
9,Van Nuys,34.19,-118.44,1450,42881,3.381
9,Van Nuys,34.18,-118.46000000000001,1415,42881,3.3
9,Van Nuys,34.2,-118.46000000000001,1386,42881,3.232
9,Van Nuys,34.15,-118.47,1325,42881,3.09
9,Van Nuys,34.17,-118.47,1298,42881,3.027
9,Van Nuys,34.2,-118.44,1295,42881,3.02
9,Van Nuys,34.15,-118.45,1274,42881,2.971
9,Van Nuys,34.19,-118.47,1177,42881,2.745
9,Van Nuys,34.17,-118.44,1168,42881,2.724
9,Van Nuys,34.18,-118.47,1103,42881,2.572
9,Van Nuys,34.18,-118.44,1073,42881,2.502
9,Van Nuys,34.160000000000004,-118.46000000000001,1048,42881,2.444
9,Van Nuys,34.17,-118.45,1042,42881,2.43
9,Van Nuys,34.17,-118.46000000000001,953,42881,2.222
9,Van Nuys,34.160000000000004,-118.47,852,42881,1.987
9,Van Nuys,34.14,-118.44,816,42881,1.903
9,Van Nuys,34.15,-118.43,793,42881,1.849
9,Van Nuys,34.18,-118.43,782,42881,1.824
9,Van Nuys,34.160000000000004,-118.45,764,42881,1.782
9,Van Nuys,34.14,-118.45,752,42881,1.754
9,Van Nuys,34.21,-118.46000000000001,713,42881,1.663
9,Van Nuys,34.19,-118.48,696,42881,1.623
9,Van Nuys,34.160000000000004,-118.44,639,42881,1.49
9,Van Nuys,34.15,-118.42,593,42881,1.383
9,Van Nuys,34.14,-118.43,500,42881,1.166
9,Van Nuys,34.19,-118.43,490,42881,1.143
9,Van Nuys,34.17,-118.43,444,42881,1.035
9,Van Nuys,34.160000000000004,-118.42,398,42881,0.928
9,Van Nuys,34.21,-118.47,394,42881,0.919
9,Van Nuys,34.2,-118.43,387,42881,0.902
9,Van Nuys,34.14,-118.42,342,42881,0.798
9,Van Nuys,34.160000000000004,-118.43,340,42881,0.793
9,Van Nuys,34.17,-118.42,333,42881,0.777
9,Van Nuys,34.14,-118.47,316,42881,0.737
9,Van Nuys,34.18,-118.42,258,42881,0.602
9,Van Nuys,34.2,-118.48,257,42881,0.599
9,Van Nuys,34.14,-118.46000000000001,176,42881,0.41
9,Van Nuys,34.13,-118.47,169,42881,0.394
9,Van Nuys,34.15,-118.41,169,42881,0.394
9,Van Nuys,34.18,-118.48,133,42881,0.31
9,Van Nuys,34.13,-118.44,104,42881,0.243
9,Van Nuys,34.13,-118.42,82,42881,0.191
9,Van Nuys,34.13,-118.43,80,42881,0.187
9,Van Nuys,34.21,-118.45,72,42881,0.168
9,Van Nuys,34.13,-118.46000000000001,56,42881,0.131
9,Van Nuys,34.13,-118.45,51,42881,0.119
9,Van Nuys,34.21,-118.48,20,42881,0.047
9,Van Nuys,34.14,-118.48,11,42881,0.026
9,Van Nuys,34.12,-118.42,10,42881,0.023
9,Van Nuys,34.12,-118.47,1,42881,0.002
9,Van Nuys,34.12,-118.41,1,42881,0.002
9,Van Nuys,34.19,-118.39,1,42881,0.002
9,Van Nuys,34.22,-118.47,1,42881,0.002
9,Van Nuys,34.24,-118.47,1,42881,0.002
10,West Valley,34.17,-118.54,2236,42146,5.305
10,West Valley,34.160000000000004,-118.53,1987,42146,4.715
10,West Valley,34.19,-118.54,1652,42146,3.92
10,West Valley,34.2,-118.54,1253,42146,2.973
10,West Valley,34.2,-118.53,1252,42146,2.971
10,West Valley,34.19,-118.49000000000001,1037,42146,2.46
10,West Valley,34.21,-118.55,1027,42146,2.437
10,West Valley,34.160000000000004,-118.51,971,42146,2.304
10,West Valley,34.2,-118.48,959,42146,2.275
10,West Valley,34.18,-118.55,934,42146,2.216
10,West Valley,34.2,-118.55,931,42146,2.209
10,West Valley,34.19,-118.55,924,42146,2.192
10,West Valley,34.17,-118.55,888,42146,2.107
10,West Valley,34.19,-118.5,879,42146,2.086
10,West Valley,34.2,-118.56,843,42146,2.0
10,West Valley,34.17,-118.53,840,42146,1.993
10,West Valley,34.21,-118.54,792,42146,1.879
10,West Valley,34.2,-118.51,788,42146,1.87
10,West Valley,34.19,-118.53,781,42146,1.853
10,West Valley,34.19,-118.56,774,42146,1.836
10,West Valley,34.19,-118.48,773,42146,1.834
10,West Valley,34.2,-118.49000000000001,757,42146,1.796
10,West Valley,34.2,-118.5,748,42146,1.775
10,West Valley,34.18,-118.54,731,42146,1.734
10,West Valley,34.15,-118.48,720,42146,1.708
10,West Valley,34.18,-118.56,694,42146,1.647
10,West Valley,34.160000000000004,-118.54,687,42146,1.63
10,West Valley,34.17,-118.56,670,42146,1.59
10,West Valley,34.17,-118.52,608,42146,1.443
10,West Valley,34.21,-118.53,602,42146,1.428
10,West Valley,34.2,-118.52,600,42146,1.424
10,West Valley,34.21,-118.56,597,42146,1.417
10,West Valley,34.19,-118.51,571,42146,1.355
10,West Valley,34.160000000000004,-118.52,547,42146,1.298
10,West Valley,34.160000000000004,-118.5,530,42146,1.258
10,West Valley,34.17,-118.51,499,42146,1.184
10,West Valley,34.18,-118.49000000000001,460,42146,1.091
10,West Valley,34.21,-118.52,451,42146,1.07
10,West Valley,34.18,-118.53,449,42146,1.065
10,West Valley,34.18,-118.51,447,42146,1.061
10,West Valley,34.19,-118.52,391,42146,0.928
10,West Valley,34.15,-118.5,386,42146,0.916
10,West Valley,34.21,-118.51,383,42146,0.909
10,West Valley,34.15,-118.49000000000001,362,42146,0.859
10,West Valley,34.160000000000004,-118.55,354,42146,0.84
10,West Valley,34.21,-118.48,346,42146,0.821
10,West Valley,34.18,-118.52,317,42146,0.752
10,West Valley,34.22,-118.5,299,42146,0.709
10,West Valley,34.160000000000004,-118.56,263,42146,0.624
10,West Valley,34.15,-118.51,260,42146,0.617
10,West Valley,34.15,-118.53,249,42146,0.591
10,West Valley,34.2,-118.57000000000001,221,42146,0.524
10,West Valley,34.14,-118.51,201,42146,0.477
10,West Valley,34.18,-118.5,195,42146,0.463
10,West Valley,34.22,-118.54,184,42146,0.437
10,West Valley,34.21,-118.49000000000001,182,42146,0.432
10,West Valley,34.15,-118.47,176,42146,0.418
10,West Valley,34.19,-118.57000000000001,176,42146,0.418
10,West Valley,34.15,-118.55,153,42146,0.363
10,West Valley,34.14,-118.53,150,42146,0.356
10,West Valley,34.13,-118.5,144,42146,0.342
10,West Valley,34.14,-118.48,140,42146,0.332
10,West Valley,34.18,-118.48,137,42146,0.325
10,West Valley,34.17,-118.57000000000001,133,42146,0.316
10,West Valley,34.160000000000004,-118.49000000000001,129,42146,0.306
10,West Valley,34.160000000000004,-118.48,122,42146,0.289
10,West Valley,34.14,-118.5,115,42146,0.273
10,West Valley,34.18,-118.57000000000001,114,42146,0.27
10,West Valley,34.14,-118.49000000000001,110,42146,0.261
10,West Valley,34.15,-118.52,110,42146,0.261
10,West Valley,34.22,-118.51,102,42146,0.242
10,West Valley,34.15,-118.56,101,42146,0.24
10,West Valley,34.13,-118.48,100,42146,0.237
10,West Valley,34.14,-118.56,99,42146,0.235
10,West Valley,34.15,-118.54,93,42146,0.221
10,West Valley,34.21,-118.57000000000001,92,42146,0.218
10,West Valley,34.22,-118.52,92,42146,0.218
10,West Valley,34.13,-118.49000000000001,89,42146,0.211
10,West Valley,34.17,-118.5,87,42146,0.206
10,West Valley,34.14,-118.54,86,42146,0.204
10,West Valley,34.21,-118.5,86,42146,0.204
10,West Valley,34.160000000000004,-118.57000000000001,84,42146,0.199
10,West Valley,34.14,-118.57000000000001,67,42146,0.159
10,West Valley,34.17,-118.48,62,42146,0.147
10,West Valley,34.13,-118.51,60,42146,0.142
10,West Valley,34.22,-118.53,59,42146,0.14
10,West Valley,34.17,-118.49000000000001,57,42146,0.135
10,West Valley,34.15,-118.57000000000001,56,42146,0.133
10,West Valley,34.22,-118.48,52,42146,0.123
10,West Valley,34.22,-118.56,40,42146,0.095
10,West Valley,34.14,-118.55,35,42146,0.083
10,West Valley,34.13,-118.56,32,42146,0.076
10,West Valley,34.13,-118.57000000000001,29,42146,0.069
10,West Valley,34.22,-118.55,29,42146,0.069
10,West Valley,34.22,-118.49000000000001,29,42146,0.069
10,West Valley,34.22,-118.57000000000001,18,42146,0.043
10,West Valley,34.13,-118.55,9,42146,0.021
10,West Valley,34.12,-118.56,2,42146,0.005
10,West Valley,34.13,-118.53,2,42146,0.005
10,West Valley,33.94,-118.28,1,42146,0.002
10,West Valley,34.17,-118.47,1,42146,0.002
10,West Valley,34.18,-118.38,1,42146,0.002
10,West Valley,34.2,-118.45,1,42146,0.002
10,West Valley,34.22,-118.47,1,42146,0.002
11,Northeast,34.09,-118.3,2719,42951,6.33
11,Northeast,34.09,-118.29,2227,42951,5.185
11,Northeast,34.1,-118.3,1567,42951,3.648
11,Northeast,34.08,-118.26,1322,42951,3.078
11,Northeast,34.08,-118.27,1269,42951,2.955
11,Northeast,34.11,-118.19,1263,42951,2.941
11,Northeast,34.1,-118.29,1199,42951,2.792
11,Northeast,34.08,-118.23,1051,42951,2.447
11,Northeast,34.11,-118.25,1049,42951,2.442
11,Northeast,34.1,-118.2,1042,42951,2.426
11,Northeast,34.11,-118.2,1037,42951,2.414
11,Northeast,34.09,-118.28,857,42951,1.995
11,Northeast,34.1,-118.24000000000001,849,42951,1.977
11,Northeast,34.12,-118.23,841,42951,1.958
11,Northeast,34.1,-118.26,837,42951,1.949
11,Northeast,34.11,-118.24000000000001,823,42951,1.916
11,Northeast,34.1,-118.28,780,42951,1.816
11,Northeast,34.12,-118.27,766,42951,1.783
11,Northeast,34.13,-118.22,752,42951,1.751
11,Northeast,34.1,-118.21000000000001,702,42951,1.634
11,Northeast,34.11,-118.28,680,42951,1.583
11,Northeast,34.11,-118.27,678,42951,1.579
11,Northeast,34.09,-118.21000000000001,669,42951,1.558
11,Northeast,34.11,-118.21000000000001,668,42951,1.555
11,Northeast,34.09,-118.23,600,42951,1.397
11,Northeast,34.09,-118.26,594,42951,1.383
11,Northeast,34.1,-118.27,592,42951,1.378
11,Northeast,34.12,-118.22,578,42951,1.346
11,Northeast,34.09,-118.22,576,42951,1.341
11,Northeast,34.12,-118.19,572,42951,1.332
11,Northeast,34.11,-118.26,563,42951,1.311
11,Northeast,34.07,-118.25,551,42951,1.283
11,Northeast,34.14,-118.23,551,42951,1.283
11,Northeast,34.12,-118.21000000000001,512,42951,1.192
11,Northeast,34.13,-118.2,511,42951,1.19
11,Northeast,34.09,-118.24000000000001,505,42951,1.176
11,Northeast,34.11,-118.18,497,42951,1.157
11,Northeast,34.07,-118.26,481,42951,1.12
11,Northeast,34.08,-118.22,465,42951,1.083
11,Northeast,34.07,-118.27,451,42951,1.05
11,Northeast,34.13,-118.28,432,42951,1.006
11,Northeast,34.11,-118.29,429,42951,0.999
11,Northeast,34.13,-118.21000000000001,421,42951,0.98
11,Northeast,34.08,-118.28,419,42951,0.976
11,Northeast,34.09,-118.25,383,42951,0.892
11,Northeast,34.09,-118.27,380,42951,0.885
11,Northeast,34.12,-118.2,354,42951,0.824
11,Northeast,34.11,-118.31,351,42951,0.817
11,Northeast,34.1,-118.25,321,42951,0.747
11,Northeast,34.11,-118.22,320,42951,0.745
11,Northeast,34.08,-118.24000000000001,314,42951,0.731
11,Northeast,34.13,-118.19,308,42951,0.717
11,Northeast,34.1,-118.31,295,42951,0.687
11,Northeast,34.11,-118.3,262,42951,0.61
11,Northeast,34.11,-118.23,262,42951,0.61
11,Northeast,34.12,-118.24000000000001,237,42951,0.552
11,Northeast,34.1,-118.19,212,42951,0.494
11,Northeast,34.14,-118.2,211,42951,0.491
11,Northeast,34.08,-118.25,204,42951,0.475
11,Northeast,34.1,-118.23,199,42951,0.463
11,Northeast,34.14,-118.22,191,42951,0.445
11,Northeast,34.1,-118.22,182,42951,0.424
11,Northeast,34.13,-118.23,178,42951,0.414
11,Northeast,34.13,-118.27,171,42951,0.398
11,Northeast,34.12,-118.18,160,42951,0.373
11,Northeast,34.12,-118.28,146,42951,0.34
11,Northeast,34.15,-118.3,119,42951,0.277
11,Northeast,34.14,-118.19,112,42951,0.261
11,Northeast,34.09,-118.31,102,42951,0.237
11,Northeast,34.15,-118.31,98,42951,0.228
11,Northeast,34.12,-118.25,95,42951,0.221
11,Northeast,34.07,-118.24000000000001,90,42951,0.21
11,Northeast,34.13,-118.24000000000001,81,42951,0.189
11,Northeast,34.14,-118.28,78,42951,0.182
11,Northeast,34.14,-118.21000000000001,68,42951,0.158
11,Northeast,34.14,-118.29,60,42951,0.14
11,Northeast,34.13,-118.3,59,42951,0.137
11,Northeast,34.13,-118.29,50,42951,0.116
11,Northeast,34.15,-118.29,37,42951,0.086
11,Northeast,34.15,-118.28,36,42951,0.084
11,Northeast,34.15,-118.33,31,42951,0.072
11,Northeast,34.12,-118.31,30,42951,0.07
11,Northeast,34.12,-118.26,28,42951,0.065
11,Northeast,34.06,-118.24000000000001,26,42951,0.061
11,Northeast,34.08,-118.21000000000001,25,42951,0.058
11,Northeast,34.14,-118.3,25,42951,0.058
11,Northeast,34.12,-118.17,23,42951,0.054
11,Northeast,34.14,-118.27,23,42951,0.054
11,Northeast,34.14,-118.31,20,42951,0.047
11,Northeast,34.15,-118.32000000000001,14,42951,0.033
11,Northeast,34.12,-118.29,13,42951,0.03
11,Northeast,34.12,-118.3,11,42951,0.026
11,Northeast,34.12,-118.32000000000001,2,42951,0.005
11,Northeast,33.96,-118.29,1,42951,0.002
11,Northeast,34.06,-118.29,1,42951,0.002
12,77th Street,33.96,-118.29,4571,61756,7.402
12,77th Street,33.97,-118.29,4027,61756,6.521
12,77th Street,33.96,-118.28,3133,61756,5.073
12,77th Street,33.980000000000004,-118.31,3124,61756,5.059
12,77th Street,33.980000000000004,-118.29,3056,61756,4.949
12,77th Street,33.96,-118.27,2850,61756,4.615
12,77th Street,33.99,-118.29,2826,61756,4.576
12,77th Street,33.980000000000004,-118.3,2752,61756,4.456
12,77th Street,33.980000000000004,-118.34,2655,61756,4.299
12,77th Street,33.96,-118.31,2447,61756,3.962
12,77th Street,33.99,-118.31,1944,61756,3.148
12,77th Street,33.96,-118.3,1849,61756,2.994
12,77th Street,33.97,-118.3,1823,61756,2.952
12,77th Street,33.97,-118.31,1821,61756,2.949
12,77th Street,33.99,-118.3,1817,61756,2.942
12,77th Street,33.980000000000004,-118.33,1767,61756,2.861
12,77th Street,33.97,-118.28,1677,61756,2.716
12,77th Street,33.97,-118.27,1628,61756,2.636
12,77th Street,33.99,-118.32000000000001,1601,61756,2.592
12,77th Street,33.95,-118.31,1499,61756,2.427
12,77th Street,33.97,-118.33,1309,61756,2.12
12,77th Street,33.97,-118.32000000000001,1249,61756,2.022
12,77th Street,33.97,-118.34,1089,61756,1.763
12,77th Street,33.980000000000004,-118.32000000000001,1076,61756,1.742
12,77th Street,34.0,-118.31,980,61756,1.587
12,77th Street,34.0,-118.29,978,61756,1.584
12,77th Street,33.99,-118.33,827,61756,1.339
12,77th Street,33.94,-118.31,813,61756,1.316
12,77th Street,33.96,-118.32000000000001,730,61756,1.182
12,77th Street,34.0,-118.3,647,61756,1.048
12,77th Street,33.96,-118.26,545,61756,0.883
12,77th Street,33.980000000000004,-118.35000000000001,503,61756,0.814
12,77th Street,33.95,-118.32000000000001,500,61756,0.81
12,77th Street,33.94,-118.32000000000001,344,61756,0.557
12,77th Street,33.99,-118.34,333,61756,0.539
12,77th Street,34.0,-118.32000000000001,281,61756,0.455
12,77th Street,33.980000000000004,-118.36,255,61756,0.413
12,77th Street,33.97,-118.26,226,61756,0.366
12,77th Street,33.96,-118.34,78,61756,0.126
12,77th Street,33.96,-118.33,60,61756,0.097
12,77th Street,33.93,-118.32000000000001,38,61756,0.062
12,77th Street,33.93,-118.31,12,61756,0.019
12,77th Street,34.0,-118.28,2,61756,0.003
12,77th Street,34.03,-118.31,2,61756,0.003
12,77th Street,34.04,-118.29,2,61756,0.003
12,77th Street,33.95,-118.3,1,61756,0.002
12,77th Street,33.96,-118.42,1,61756,0.002
12,77th Street,33.980000000000004,-118.28,1,61756,0.002
12,77th Street,33.99,-118.27,1,61756,0.002
12,77th Street,33.99,-118.26,1,61756,0.002
12,77th Street,34.01,-118.31,1,61756,0.002
12,77th Street,34.02,-118.29,1,61756,0.002
12,77th Street,34.03,-118.27,1,61756,0.002
12,77th Street,34.05,-118.31,1,61756,0.002
12,77th Street,34.06,-118.3,1,61756,0.002
13,Newton,34.0,-118.28,2964,49173,6.028
13,Newton,34.02,-118.26,2882,49173,5.861
13,Newton,34.02,-118.27,2751,49173,5.595
13,Newton,33.99,-118.28,2728,49173,5.548
13,Newton,33.980000000000004,-118.28,2396,49173,4.873
13,Newton,34.0,-118.27,2358,49173,4.795
13,Newton,34.01,-118.27,2284,49173,4.645
13,Newton,33.99,-118.27,2206,49173,4.486
13,Newton,34.01,-118.28,2196,49173,4.466
13,Newton,34.02,-118.25,2108,49173,4.287
13,Newton,33.99,-118.25,2019,49173,4.106
13,Newton,34.03,-118.25,1997,49173,4.061
13,Newton,34.01,-118.26,1978,49173,4.023
13,Newton,34.02,-118.28,1915,49173,3.894
13,Newton,34.03,-118.26,1818,49173,3.697
13,Newton,34.0,-118.26,1774,49173,3.608
13,Newton,33.99,-118.26,1771,49173,3.602
13,Newton,33.97,-118.28,1616,49173,3.286
13,Newton,34.0,-118.25,1568,49173,3.189
13,Newton,33.980000000000004,-118.27,1420,49173,2.888
13,Newton,34.01,-118.25,1153,49173,2.345
13,Newton,34.02,-118.24000000000001,1063,49173,2.162
13,Newton,34.03,-118.24000000000001,871,49173,1.771
13,Newton,33.97,-118.27,783,49173,1.592
13,Newton,34.03,-118.28,459,49173,0.933
13,Newton,34.03,-118.27,376,49173,0.765
13,Newton,33.980000000000004,-118.26,333,49173,0.677
13,Newton,34.01,-118.24000000000001,280,49173,0.569
13,Newton,34.0,-118.24000000000001,170,49173,0.346
13,Newton,34.02,-118.23,166,49173,0.338
13,Newton,34.04,-118.25,132,49173,0.268
13,Newton,33.99,-118.29,123,49173,0.25
13,Newton,34.0,-118.29,107,49173,0.218
13,Newton,34.01,-118.23,80,49173,0.163
13,Newton,33.99,-118.24000000000001,79,49173,0.161
13,Newton,33.980000000000004,-118.25,65,49173,0.132
13,Newton,33.980000000000004,-118.29,56,49173,0.114
13,Newton,33.97,-118.29,48,49173,0.098
13,Newton,34.01,-118.29,35,49173,0.071
13,Newton,33.97,-118.26,31,49173,0.063
13,Newton,33.980000000000004,-118.24000000000001,4,49173,0.008
13,Newton,34.03,-118.23,4,49173,0.008
13,Newton,34.01,-118.3,2,49173,0.004
13,Newton,33.72,-118.29,1,49173,0.002
13,Newton,33.93,-118.28,1,49173,0.002
13,Newton,33.980000000000004,-118.31,1,49173,0.002
13,Newton,34.05,-118.24000000000001,1,49173,0.002
14,Pacific,33.94,-118.41,4800,59513,8.065
14,Pacific,33.99,-118.48,3178,59513,5.34
14,Pacific,34.02,-118.41,2430,59513,4.083
14,Pacific,33.97,-118.38,2348,59513,3.945
14,Pacific,33.980000000000004,-118.48,2078,59513,3.492
14,Pacific,33.99,-118.47,1834,59513,3.082
14,Pacific,33.95,-118.39,1672,59513,2.809
14,Pacific,33.99,-118.46000000000001,1604,59513,2.695
14,Pacific,33.980000000000004,-118.45,1600,59513,2.688
14,Pacific,33.94,-118.38,1557,59513,2.616
14,Pacific,33.95,-118.4,1555,59513,2.613
14,Pacific,33.980000000000004,-118.47,1446,59513,2.43
14,Pacific,34.02,-118.42,1433,59513,2.408
14,Pacific,33.94,-118.4,1386,59513,2.329
14,Pacific,33.99,-118.42,1278,59513,2.147
14,Pacific,33.99,-118.45,1267,59513,2.129
14,Pacific,34.02,-118.43,1118,59513,1.879
14,Pacific,33.99,-118.44,982,59513,1.65
14,Pacific,33.97,-118.42,977,59513,1.642
14,Pacific,34.0,-118.43,925,59513,1.554
14,Pacific,34.01,-118.42,913,59513,1.534
14,Pacific,34.02,-118.4,879,59513,1.477
14,Pacific,34.0,-118.44,861,59513,1.447
14,Pacific,33.97,-118.43,844,59513,1.418
14,Pacific,34.01,-118.43,837,59513,1.406
14,Pacific,33.95,-118.44,835,59513,1.403
14,Pacific,33.97,-118.47,777,59513,1.306
14,Pacific,34.02,-118.44,772,59513,1.297
14,Pacific,33.97,-118.39,741,59513,1.245
14,Pacific,33.980000000000004,-118.44,667,59513,1.121
14,Pacific,33.980000000000004,-118.42,648,59513,1.089
14,Pacific,33.95,-118.43,641,59513,1.077
14,Pacific,33.95,-118.45,637,59513,1.07
14,Pacific,33.99,-118.43,617,59513,1.037
14,Pacific,33.980000000000004,-118.46000000000001,565,59513,0.949
14,Pacific,34.02,-118.45,564,59513,0.948
14,Pacific,34.0,-118.46000000000001,550,59513,0.924
14,Pacific,33.94,-118.39,513,59513,0.862
14,Pacific,33.980000000000004,-118.41,505,59513,0.849
14,Pacific,34.0,-118.45,504,59513,0.847
14,Pacific,33.95,-118.41,496,59513,0.833
14,Pacific,33.980000000000004,-118.43,480,59513,0.807
14,Pacific,34.0,-118.47,478,59513,0.803
14,Pacific,33.96,-118.43,442,59513,0.743
14,Pacific,33.97,-118.41,430,59513,0.723
14,Pacific,33.95,-118.42,414,59513,0.696
14,Pacific,33.96,-118.4,406,59513,0.682
14,Pacific,33.96,-118.39,402,59513,0.675
14,Pacific,34.01,-118.44,401,59513,0.674
14,Pacific,33.96,-118.38,398,59513,0.669
14,Pacific,33.99,-118.41,374,59513,0.628
14,Pacific,33.96,-118.42,369,59513,0.62
14,Pacific,33.96,-118.41,331,59513,0.556
14,Pacific,33.97,-118.4,323,59513,0.543
14,Pacific,33.99,-118.49000000000001,318,59513,0.534
14,Pacific,34.01,-118.41,318,59513,0.534
14,Pacific,33.93,-118.38,311,59513,0.523
14,Pacific,33.97,-118.44,252,59513,0.423
14,Pacific,33.92,-118.38,244,59513,0.41
14,Pacific,34.02,-118.39,244,59513,0.41
14,Pacific,33.96,-118.46000000000001,241,59513,0.405
14,Pacific,34.01,-118.45,236,59513,0.397
14,Pacific,34.03,-118.42,213,59513,0.358
14,Pacific,33.93,-118.44,211,59513,0.355
14,Pacific,33.97,-118.46000000000001,206,59513,0.346
14,Pacific,34.03,-118.43,191,59513,0.321
14,Pacific,33.96,-118.44,190,59513,0.319
14,Pacific,34.0,-118.42,185,59513,0.311
14,Pacific,33.96,-118.45,178,59513,0.299
14,Pacific,34.0,-118.41,130,59513,0.218
14,Pacific,33.95,-118.38,87,59513,0.146
14,Pacific,34.0,-118.48,76,59513,0.128
14,Pacific,33.93,-118.41,69,59513,0.116
14,Pacific,34.02,-118.46000000000001,68,59513,0.114
14,Pacific,34.03,-118.44,68,59513,0.114
14,Pacific,33.95,-118.46000000000001,65,59513,0.109
14,Pacific,33.980000000000004,-118.37,45,59513,0.076
14,Pacific,33.94,-118.43,40,59513,0.067
14,Pacific,33.93,-118.4,37,59513,0.062
14,Pacific,33.92,-118.44,32,59513,0.054
14,Pacific,34.01,-118.46000000000001,23,59513,0.039
14,Pacific,33.980000000000004,-118.4,18,59513,0.03
14,Pacific,33.980000000000004,-118.38,16,59513,0.027
14,Pacific,33.94,-118.44,15,59513,0.025
14,Pacific,34.03,-118.4,13,59513,0.022
14,Pacific,33.93,-118.39,12,59513,0.02
14,Pacific,33.910000000000004,-118.43,10,59513,0.017
14,Pacific,33.96,-118.47,10,59513,0.017
14,Pacific,33.93,-118.43,8,59513,0.013
14,Pacific,33.94,-118.45,8,59513,0.013
14,Pacific,33.94,-118.42,8,59513,0.013
14,Pacific,33.93,-118.42,7,59513,0.012
14,Pacific,33.92,-118.43,5,59513,0.008
14,Pacific,33.980000000000004,-118.29,3,59513,0.005
14,Pacific,34.09,-118.31,3,59513,0.005
14,Pacific,34.02,-118.32000000000001,2,59513,0.003
14,Pacific,34.04,-118.31,2,59513,0.003
14,Pacific,34.22,-118.47,2,59513,0.003
14,Pacific,33.72,-118.29,1,59513,0.002
14,Pacific,33.97,-118.37,1,59513,0.002
14,Pacific,33.99,-118.24000000000001,1,59513,0.002
14,Pacific,34.03,-118.28,1,59513,0.002
14,Pacific,34.03,-118.26,1,59513,0.002
14,Pacific,34.09,-118.48,1,59513,0.002
14,Pacific,34.2,-118.60000000000001,1,59513,0.002
14,Pacific,34.26,-118.48,1,59513,0.002
15,N Hollywood,34.160000000000004,-118.38,4724,51106,9.244
15,N Hollywood,34.17,-118.38,3168,51106,6.199
15,N Hollywood,34.14,-118.38,1649,51106,3.227
15,N Hollywood,34.18,-118.39,1551,51106,3.035
15,N Hollywood,34.18,-118.4,1511,51106,2.957
15,N Hollywood,34.15,-118.38,1478,51106,2.892
15,N Hollywood,34.17,-118.39,1403,51106,2.745
15,N Hollywood,34.19,-118.4,1368,51106,2.677
15,N Hollywood,34.160000000000004,-118.41,1347,51106,2.636
15,N Hollywood,34.18,-118.38,1342,51106,2.626
15,N Hollywood,34.160000000000004,-118.37,1331,51106,2.604
15,N Hollywood,34.15,-118.37,1275,51106,2.495
15,N Hollywood,34.14,-118.37,1274,51106,2.493
15,N Hollywood,34.2,-118.39,1227,51106,2.401
15,N Hollywood,34.14,-118.4,1209,51106,2.366
15,N Hollywood,34.2,-118.38,1171,51106,2.291
15,N Hollywood,34.19,-118.42,1144,51106,2.238
15,N Hollywood,34.17,-118.41,1141,51106,2.233
15,N Hollywood,34.160000000000004,-118.4,1121,51106,2.193
15,N Hollywood,34.2,-118.41,1045,51106,2.045
15,N Hollywood,34.17,-118.37,988,51106,1.933
15,N Hollywood,34.19,-118.39,972,51106,1.902
15,N Hollywood,34.13,-118.37,941,51106,1.841
15,N Hollywood,34.19,-118.41,851,51106,1.665
15,N Hollywood,34.2,-118.4,812,51106,1.589
15,N Hollywood,34.15,-118.4,805,51106,1.575
15,N Hollywood,34.14,-118.41,800,51106,1.565
15,N Hollywood,34.19,-118.38,795,51106,1.556
15,N Hollywood,34.17,-118.4,769,51106,1.505
15,N Hollywood,34.160000000000004,-118.39,765,51106,1.497
15,N Hollywood,34.15,-118.39,736,51106,1.44
15,N Hollywood,34.18,-118.41,720,51106,1.409
15,N Hollywood,34.14,-118.39,717,51106,1.403
15,N Hollywood,34.2,-118.42,635,51106,1.243
15,N Hollywood,34.2,-118.43,625,51106,1.223
15,N Hollywood,34.18,-118.37,555,51106,1.086
15,N Hollywood,34.15,-118.41,552,51106,1.08
15,N Hollywood,34.19,-118.37,513,51106,1.004
15,N Hollywood,34.13,-118.35000000000001,481,51106,0.941
15,N Hollywood,34.15,-118.36,480,51106,0.939
15,N Hollywood,34.19,-118.43,452,51106,0.884
15,N Hollywood,34.14,-118.42,395,51106,0.773
15,N Hollywood,34.21,-118.42,394,51106,0.771
15,N Hollywood,34.2,-118.37,338,51106,0.661
15,N Hollywood,34.13,-118.36,335,51106,0.656
15,N Hollywood,34.18,-118.42,321,51106,0.628
15,N Hollywood,34.13,-118.4,320,51106,0.626
15,N Hollywood,34.13,-118.38,294,51106,0.575
15,N Hollywood,34.13,-118.39,261,51106,0.511
15,N Hollywood,34.12,-118.35000000000001,224,51106,0.438
15,N Hollywood,34.12,-118.36,223,51106,0.436
15,N Hollywood,34.15,-118.42,209,51106,0.409
15,N Hollywood,34.17,-118.42,182,51106,0.356
15,N Hollywood,34.21,-118.43,148,51106,0.29
15,N Hollywood,34.160000000000004,-118.36,142,51106,0.278
15,N Hollywood,34.14,-118.36,110,51106,0.215
15,N Hollywood,34.17,-118.36,97,51106,0.19
15,N Hollywood,34.12,-118.38,71,51106,0.139
15,N Hollywood,34.13,-118.41,71,51106,0.139
15,N Hollywood,34.160000000000004,-118.42,71,51106,0.139
15,N Hollywood,34.12,-118.39,68,51106,0.133
15,N Hollywood,34.14,-118.35000000000001,65,51106,0.127
15,N Hollywood,34.21,-118.41,64,51106,0.125
15,N Hollywood,34.14,-118.34,39,51106,0.076
15,N Hollywood,34.12,-118.4,31,51106,0.061
15,N Hollywood,34.13,-118.42,30,51106,0.059
15,N Hollywood,34.18,-118.36,30,51106,0.059
15,N Hollywood,34.15,-118.35000000000001,27,51106,0.053
15,N Hollywood,34.12,-118.37,22,51106,0.043
15,N Hollywood,34.14,-118.43,15,51106,0.029
15,N Hollywood,34.11,-118.35000000000001,14,51106,0.027
15,N Hollywood,34.15,-118.43,14,51106,0.027
15,N Hollywood,34.12,-118.41,9,51106,0.018
15,N Hollywood,34.11,-118.36,8,51106,0.016
15,N Hollywood,34.14,-118.33,6,51106,0.012
15,N Hollywood,34.15,-118.32000000000001,6,51106,0.012
15,N Hollywood,34.15,-118.33,4,51106,0.008
15,N Hollywood,34.18,-118.61,2,51106,0.004
15,N Hollywood,34.160000000000004,-118.47,1,51106,0.002
15,N Hollywood,34.17,-118.54,1,51106,0.002
15,N Hollywood,34.2,-118.47,1,51106,0.002
16,Foothill,34.24,-118.42,1128,33129,3.405
16,Foothill,34.27,-118.43,1076,33129,3.248
16,Foothill,34.21,-118.39,1068,33129,3.224
16,Foothill,34.21,-118.4,1054,33129,3.182
16,Foothill,34.21,-118.38,1038,33129,3.133
16,Foothill,34.27,-118.41,1013,33129,3.058
16,Foothill,34.22,-118.37,946,33129,2.856
16,Foothill,34.25,-118.3,920,33129,2.777
16,Foothill,34.26,-118.44,900,33129,2.717
16,Foothill,34.26,-118.42,859,33129,2.593
16,Foothill,34.27,-118.42,858,33129,2.59
16,Foothill,34.26,-118.43,837,33129,2.526
16,Foothill,34.22,-118.4,783,33129,2.363
16,Foothill,34.25,-118.29,766,33129,2.312
16,Foothill,34.230000000000004,-118.4,765,33129,2.309
16,Foothill,34.28,-118.41,763,33129,2.303
16,Foothill,34.26,-118.41,754,33129,2.276
16,Foothill,34.25,-118.43,738,33129,2.228
16,Foothill,34.27,-118.4,665,33129,2.007
16,Foothill,34.22,-118.41,619,33129,1.868
16,Foothill,34.25,-118.41,614,33129,1.853
16,Foothill,34.21,-118.37,581,33129,1.754
16,Foothill,34.28,-118.42,568,33129,1.715
16,Foothill,34.25,-118.42,532,33129,1.606
16,Foothill,34.21,-118.41,522,33129,1.576
16,Foothill,34.26,-118.31,516,33129,1.558
16,Foothill,34.25,-118.32000000000001,487,33129,1.47
16,Foothill,34.21,-118.36,479,33129,1.446
16,Foothill,34.230000000000004,-118.38,473,33129,1.428
16,Foothill,34.230000000000004,-118.37,461,33129,1.392
16,Foothill,34.230000000000004,-118.41,436,33129,1.316
16,Foothill,34.25,-118.31,400,33129,1.207
16,Foothill,34.22,-118.38,396,33129,1.195
16,Foothill,34.26,-118.32000000000001,362,33129,1.093
16,Foothill,34.24,-118.28,324,33129,0.978
16,Foothill,34.25,-118.33,324,33129,0.978
16,Foothill,34.28,-118.43,319,33129,0.963
16,Foothill,34.25,-118.44,316,33129,0.954
16,Foothill,34.24,-118.29,303,33129,0.915
16,Foothill,34.22,-118.39,297,33129,0.896
16,Foothill,34.24,-118.41,297,33129,0.896
16,Foothill,34.28,-118.4,279,33129,0.842
16,Foothill,34.24,-118.39,267,33129,0.806
16,Foothill,34.25,-118.4,259,33129,0.782
16,Foothill,34.21,-118.35000000000001,257,33129,0.776
16,Foothill,34.24,-118.43,253,33129,0.764
16,Foothill,34.26,-118.33,251,33129,0.758
16,Foothill,34.25,-118.28,219,33129,0.661
16,Foothill,34.26,-118.3,216,33129,0.652
16,Foothill,34.27,-118.38,204,33129,0.616
16,Foothill,34.24,-118.38,183,33129,0.552
16,Foothill,34.24,-118.4,179,33129,0.54
16,Foothill,34.22,-118.36,171,33129,0.516
16,Foothill,34.27,-118.44,164,33129,0.495
16,Foothill,34.27,-118.39,163,33129,0.492
16,Foothill,34.24,-118.27,157,33129,0.474
16,Foothill,34.27,-118.33,155,33129,0.468
16,Foothill,34.230000000000004,-118.39,152,33129,0.459
16,Foothill,34.26,-118.34,148,33129,0.447
16,Foothill,34.28,-118.39,147,33129,0.444
16,Foothill,34.26,-118.4,133,33129,0.401
16,Foothill,34.24,-118.3,119,33129,0.359
16,Foothill,34.230000000000004,-118.42,117,33129,0.353
16,Foothill,34.2,-118.4,112,33129,0.338
16,Foothill,34.2,-118.35000000000001,111,33129,0.335
16,Foothill,34.27,-118.37,102,33129,0.308
16,Foothill,34.230000000000004,-118.3,101,33129,0.305
16,Foothill,34.2,-118.38,97,33129,0.293
16,Foothill,34.2,-118.39,96,33129,0.29
16,Foothill,34.25,-118.38,93,33129,0.281
16,Foothill,34.27,-118.36,85,33129,0.257
16,Foothill,34.26,-118.29,83,33129,0.251
16,Foothill,34.27,-118.31,82,33129,0.248
16,Foothill,34.25,-118.36,79,33129,0.238
16,Foothill,34.2,-118.41,77,33129,0.232
16,Foothill,34.230000000000004,-118.28,77,33129,0.232
16,Foothill,34.2,-118.36,76,33129,0.229
16,Foothill,34.29,-118.42,76,33129,0.229
16,Foothill,34.24,-118.37,75,33129,0.226
16,Foothill,34.2,-118.37,74,33129,0.223
16,Foothill,34.27,-118.35000000000001,72,33129,0.217
16,Foothill,34.28,-118.38,66,33129,0.199
16,Foothill,34.24,-118.35000000000001,62,33129,0.187
16,Foothill,34.230000000000004,-118.36,50,33129,0.151
16,Foothill,34.27,-118.3,50,33129,0.151
16,Foothill,34.21,-118.34,47,33129,0.142
16,Foothill,34.26,-118.37,45,33129,0.136
16,Foothill,34.27,-118.32000000000001,43,33129,0.13
16,Foothill,34.25,-118.35000000000001,40,33129,0.121
16,Foothill,34.24,-118.36,38,33129,0.115
16,Foothill,34.26,-118.36,32,33129,0.097
16,Foothill,34.25,-118.27,31,33129,0.094
16,Foothill,34.27,-118.28,30,33129,0.091
16,Foothill,34.230000000000004,-118.27,28,33129,0.085
16,Foothill,34.25,-118.37,28,33129,0.085
16,Foothill,34.26,-118.35000000000001,28,33129,0.085
16,Foothill,34.22,-118.35000000000001,25,33129,0.075
16,Foothill,34.230000000000004,-118.35000000000001,19,33129,0.057
16,Foothill,34.25,-118.34,19,33129,0.057
16,Foothill,34.29,-118.4,15,33129,0.045
16,Foothill,34.230000000000004,-118.29,14,33129,0.042
16,Foothill,34.22,-118.3,13,33129,0.039
16,Foothill,34.230000000000004,-118.33,11,33129,0.033
16,Foothill,34.230000000000004,-118.34,10,33129,0.03
16,Foothill,34.230000000000004,-118.31,10,33129,0.03
16,Foothill,34.27,-118.34,10,33129,0.03
16,Foothill,34.22,-118.34,9,33129,0.027
16,Foothill,34.26,-118.39,9,33129,0.027
16,Foothill,34.27,-118.29,6,33129,0.018
16,Foothill,34.28,-118.3,6,33129,0.018
16,Foothill,34.26,-118.45,5,33129,0.015
16,Foothill,34.25,-118.39,3,33129,0.009
16,Foothill,34.160000000000004,-118.38,2,33129,0.006
16,Foothill,34.230000000000004,-118.32000000000001,2,33129,0.006
16,Foothill,34.27,-118.45,1,33129,0.003
16,Foothill,34.28,-118.29,1,33129,0.003
16,Foothill,34.29,-118.41,1,33129,0.003
16,Foothill,34.29,-118.29,1,33129,0.003
17,Devonshire,34.24,-118.56,1827,41743,4.377
17,Devonshire,34.22,-118.54,1263,41743,3.026
17,Devonshire,34.230000000000004,-118.57000000000001,1117,41743,2.676
17,Devonshire,34.230000000000004,-118.56,1079,41743,2.585
17,Devonshire,34.230000000000004,-118.54,993,41743,2.379
17,Devonshire,34.24,-118.54,988,41743,2.367
17,Devonshire,34.25,-118.60000000000001,953,41743,2.283
17,Devonshire,34.26,-118.52,913,41743,2.187
17,Devonshire,34.22,-118.55,811,41743,1.943
17,Devonshire,34.27,-118.52,761,41743,1.823
17,Devonshire,34.22,-118.59,736,41743,1.763
17,Devonshire,34.26,-118.5,676,41743,1.619
17,Devonshire,34.22,-118.56,654,41743,1.567
17,Devonshire,34.24,-118.59,633,41743,1.516
17,Devonshire,34.25,-118.53,633,41743,1.516
17,Devonshire,34.230000000000004,-118.52,630,41743,1.509
17,Devonshire,34.230000000000004,-118.59,624,41743,1.495
17,Devonshire,34.25,-118.54,620,41743,1.485
17,Devonshire,34.25,-118.61,589,41743,1.411
17,Devonshire,34.22,-118.57000000000001,585,41743,1.401
17,Devonshire,34.22,-118.53,561,41743,1.344
17,Devonshire,34.26,-118.53,552,41743,1.322
17,Devonshire,34.26,-118.51,552,41743,1.322
17,Devonshire,34.25,-118.49000000000001,517,41743,1.239
17,Devonshire,34.24,-118.60000000000001,512,41743,1.227
17,Devonshire,34.22,-118.52,501,41743,1.2
17,Devonshire,34.22,-118.51,499,41743,1.195
17,Devonshire,34.25,-118.59,491,41743,1.176
17,Devonshire,34.25,-118.51,491,41743,1.176
17,Devonshire,34.25,-118.52,490,41743,1.174
17,Devonshire,34.22,-118.49000000000001,488,41743,1.169
17,Devonshire,34.24,-118.61,480,41743,1.15
17,Devonshire,34.26,-118.49000000000001,480,41743,1.15
17,Devonshire,34.24,-118.57000000000001,470,41743,1.126
17,Devonshire,34.25,-118.5,460,41743,1.102
17,Devonshire,34.230000000000004,-118.49000000000001,454,41743,1.088
17,Devonshire,34.24,-118.53,448,41743,1.073
17,Devonshire,34.27,-118.5,447,41743,1.071
17,Devonshire,34.27,-118.57000000000001,442,41743,1.059
17,Devonshire,34.22,-118.5,429,41743,1.028
17,Devonshire,34.25,-118.58,411,41743,0.985
17,Devonshire,34.27,-118.51,405,41743,0.97
17,Devonshire,34.26,-118.61,398,41743,0.953
17,Devonshire,34.27,-118.48,395,41743,0.946
17,Devonshire,34.230000000000004,-118.48,391,41743,0.937
17,Devonshire,34.24,-118.58,391,41743,0.937
17,Devonshire,34.28,-118.51,387,41743,0.927
17,Devonshire,34.22,-118.58,375,41743,0.898
17,Devonshire,34.230000000000004,-118.55,373,41743,0.894
17,Devonshire,34.22,-118.48,369,41743,0.884
17,Devonshire,34.230000000000004,-118.58,367,41743,0.879
17,Devonshire,34.27,-118.58,367,41743,0.879
17,Devonshire,34.26,-118.59,363,41743,0.87
17,Devonshire,34.230000000000004,-118.51,355,41743,0.85
17,Devonshire,34.25,-118.48,332,41743,0.795
17,Devonshire,34.24,-118.49000000000001,323,41743,0.774
17,Devonshire,34.27,-118.49000000000001,314,41743,0.752
17,Devonshire,34.230000000000004,-118.5,308,41743,0.738
17,Devonshire,34.24,-118.55,301,41743,0.721
17,Devonshire,34.26,-118.54,300,41743,0.719
17,Devonshire,34.230000000000004,-118.60000000000001,296,41743,0.709
17,Devonshire,34.24,-118.5,266,41743,0.637
17,Devonshire,34.27,-118.54,263,41743,0.63
17,Devonshire,34.230000000000004,-118.53,259,41743,0.62
17,Devonshire,34.26,-118.60000000000001,251,41743,0.601
17,Devonshire,34.24,-118.52,243,41743,0.582
17,Devonshire,34.26,-118.48,242,41743,0.58
17,Devonshire,34.22,-118.60000000000001,232,41743,0.556
17,Devonshire,34.28,-118.58,221,41743,0.529
17,Devonshire,34.27,-118.56,208,41743,0.498
17,Devonshire,34.27,-118.55,202,41743,0.484
17,Devonshire,34.24,-118.48,195,41743,0.467
17,Devonshire,34.25,-118.57000000000001,193,41743,0.462
17,Devonshire,34.29,-118.51,192,41743,0.46
17,Devonshire,34.300000000000004,-118.51,189,41743,0.453
17,Devonshire,34.26,-118.55,188,41743,0.45
17,Devonshire,34.28,-118.54,164,41743,0.393
17,Devonshire,34.28,-118.5,164,41743,0.393
17,Devonshire,34.230000000000004,-118.61,161,41743,0.386
17,Devonshire,34.28,-118.56,158,41743,0.379
17,Devonshire,34.29,-118.52,157,41743,0.376
17,Devonshire,34.24,-118.62,152,41743,0.364
17,Devonshire,34.24,-118.51,148,41743,0.355
17,Devonshire,34.25,-118.62,146,41743,0.35
17,Devonshire,34.25,-118.55,146,41743,0.35
17,Devonshire,34.28,-118.49000000000001,141,41743,0.338
17,Devonshire,34.300000000000004,-118.52,140,41743,0.335
17,Devonshire,34.26,-118.56,133,41743,0.319
17,Devonshire,34.28,-118.55,131,41743,0.314
17,Devonshire,34.27,-118.53,130,41743,0.311
17,Devonshire,34.29,-118.55,120,41743,0.287
17,Devonshire,34.25,-118.56,111,41743,0.266
17,Devonshire,34.28,-118.52,110,41743,0.264
17,Devonshire,34.29,-118.53,107,41743,0.256
17,Devonshire,34.26,-118.57000000000001,102,41743,0.244
17,Devonshire,34.26,-118.58,101,41743,0.242
17,Devonshire,34.26,-118.62,96,41743,0.23
17,Devonshire,34.29,-118.59,96,41743,0.23
17,Devonshire,34.28,-118.48,91,41743,0.218
17,Devonshire,34.28,-118.59,90,41743,0.216
17,Devonshire,34.29,-118.58,83,41743,0.199
17,Devonshire,34.28,-118.47,81,41743,0.194
17,Devonshire,34.27,-118.59,80,41743,0.192
17,Devonshire,34.28,-118.53,74,41743,0.177
17,Devonshire,34.29,-118.5,72,41743,0.172
17,Devonshire,34.28,-118.57000000000001,61,41743,0.146
17,Devonshire,34.29,-118.49000000000001,60,41743,0.144
17,Devonshire,34.29,-118.54,53,41743,0.127
17,Devonshire,34.29,-118.57000000000001,51,41743,0.122
17,Devonshire,34.29,-118.56,43,41743,0.103
17,Devonshire,34.24,-118.63,39,41743,0.093
17,Devonshire,34.27,-118.62,37,41743,0.089
17,Devonshire,34.27,-118.60000000000001,36,41743,0.086
17,Devonshire,34.31,-118.51,36,41743,0.086
17,Devonshire,34.27,-118.61,21,41743,0.05
17,Devonshire,34.300000000000004,-118.53,19,41743,0.046
17,Devonshire,34.300000000000004,-118.5,19,41743,0.046
17,Devonshire,34.31,-118.53,11,41743,0.026
17,Devonshire,34.32,-118.51,10,41743,0.024
17,Devonshire,34.21,-118.59,8,41743,0.019
17,Devonshire,34.31,-118.5,8,41743,0.019
17,Devonshire,34.28,-118.60000000000001,6,41743,0.014
17,Devonshire,34.300000000000004,-118.59,6,41743,0.014
17,Devonshire,34.31,-118.49000000000001,4,41743,0.01
17,Devonshire,34.300000000000004,-118.49000000000001,3,41743,0.007
17,Devonshire,34.230000000000004,-118.64,2,41743,0.005
17,Devonshire,34.27,-118.63,2,41743,0.005
17,Devonshire,34.18,-118.60000000000001,1,41743,0.002
17,Devonshire,34.18,-118.48,1,41743,0.002
17,Devonshire,34.22,-118.45,1,41743,0.002
17,Devonshire,34.230000000000004,-118.47,1,41743,0.002
17,Devonshire,34.24,-118.46000000000001,1,41743,0.002
17,Devonshire,34.300000000000004,-118.58,1,41743,0.002
17,Devonshire,34.32,-118.5,1,41743,0.002
17,Devonshire,34.33,-118.51,1,41743,0.002
18,Southeast,33.94,-118.28,3205,49929,6.419
18,Southeast,33.94,-118.27,2960,49929,5.928
18,Southeast,33.93,-118.27,2831,49929,5.67
18,Southeast,33.95,-118.28,2730,49929,5.468
18,Southeast,33.93,-118.28,2561,49929,5.129
18,Southeast,33.95,-118.29,2552,49929,5.111
18,Southeast,33.94,-118.29,2465,49929,4.937
18,Southeast,33.95,-118.27,2309,49929,4.625
18,Southeast,33.93,-118.29,2262,49929,4.53
18,Southeast,33.93,-118.26,2183,49929,4.372
18,Southeast,33.93,-118.24000000000001,2169,49929,4.344
18,Southeast,33.94,-118.24000000000001,2165,49929,4.336
18,Southeast,33.94,-118.25,2050,49929,4.106
18,Southeast,33.93,-118.25,1991,49929,3.988
18,Southeast,33.92,-118.29,1430,49929,2.864
18,Southeast,33.92,-118.27,1363,49929,2.73
18,Southeast,33.92,-118.28,1289,49929,2.582
18,Southeast,33.95,-118.26,1134,49929,2.271
18,Southeast,33.94,-118.26,1122,49929,2.247
18,Southeast,33.910000000000004,-118.29,1101,49929,2.205
18,Southeast,33.95,-118.25,918,49929,1.839
18,Southeast,33.88,-118.29,677,49929,1.356
18,Southeast,33.92,-118.26,544,49929,1.09
18,Southeast,33.9,-118.29,532,49929,1.066
18,Southeast,33.89,-118.29,510,49929,1.021
18,Southeast,33.93,-118.3,472,49929,0.945
18,Southeast,33.95,-118.3,437,49929,0.875
18,Southeast,33.96,-118.27,433,49929,0.867
18,Southeast,33.94,-118.3,426,49929,0.853
18,Southeast,33.92,-118.24000000000001,328,49929,0.657
18,Southeast,33.96,-118.29,291,49929,0.583
18,Southeast,33.88,-118.3,290,49929,0.581
18,Southeast,33.95,-118.24000000000001,263,49929,0.527
18,Southeast,33.94,-118.23,261,49929,0.523
18,Southeast,33.96,-118.28,261,49929,0.523
18,Southeast,33.92,-118.3,255,49929,0.511
18,Southeast,33.87,-118.29,229,49929,0.459
18,Southeast,33.910000000000004,-118.3,224,49929,0.449
18,Southeast,33.96,-118.26,196,49929,0.393
18,Southeast,33.9,-118.3,178,49929,0.357
18,Southeast,33.92,-118.25,93,49929,0.186
18,Southeast,33.89,-118.3,82,49929,0.164
18,Southeast,33.87,-118.3,62,49929,0.124
18,Southeast,33.93,-118.23,61,49929,0.122
18,Southeast,33.96,-118.3,31,49929,0.062
18,Southeast,34.04,-118.29,2,49929,0.004
18,Southeast,34.0,-118.28,1,49929,0.002
19,Mission,34.22,-118.46000000000001,2642,40342,6.549
19,Mission,34.230000000000004,-118.47,2261,40342,5.605
19,Mission,34.22,-118.47,2253,40342,5.585
19,Mission,34.230000000000004,-118.46000000000001,2083,40342,5.163
19,Mission,34.22,-118.45,1565,40342,3.879
19,Mission,34.21,-118.45,1370,40342,3.396
19,Mission,34.25,-118.47,1283,40342,3.18
19,Mission,34.230000000000004,-118.45,1151,40342,2.853
19,Mission,34.29,-118.46000000000001,934,40342,2.315
19,Mission,34.21,-118.47,925,40342,2.293
19,Mission,34.31,-118.44,923,40342,2.288
19,Mission,34.24,-118.46000000000001,862,40342,2.137
19,Mission,34.300000000000004,-118.44,861,40342,2.134
19,Mission,34.24,-118.47,822,40342,2.038
19,Mission,34.21,-118.46000000000001,809,40342,2.005
19,Mission,34.24,-118.45,774,40342,1.919
19,Mission,34.21,-118.44,740,40342,1.834
19,Mission,34.22,-118.44,738,40342,1.829
19,Mission,34.300000000000004,-118.45,721,40342,1.787
19,Mission,34.22,-118.48,672,40342,1.666
19,Mission,34.26,-118.47,585,40342,1.45
19,Mission,34.300000000000004,-118.47,585,40342,1.45
19,Mission,34.300000000000004,-118.43,564,40342,1.398
19,Mission,34.300000000000004,-118.48,532,40342,1.319
19,Mission,34.22,-118.43,492,40342,1.22
19,Mission,34.24,-118.44,480,40342,1.19
19,Mission,34.25,-118.44,473,40342,1.172
19,Mission,34.230000000000004,-118.44,471,40342,1.168
19,Mission,34.31,-118.45,467,40342,1.158
19,Mission,34.21,-118.43,461,40342,1.143
19,Mission,34.31,-118.43,454,40342,1.125
19,Mission,34.230000000000004,-118.48,425,40342,1.053
19,Mission,34.230000000000004,-118.43,412,40342,1.021
19,Mission,34.300000000000004,-118.46000000000001,402,40342,0.996
19,Mission,34.24,-118.43,393,40342,0.974
19,Mission,34.27,-118.46000000000001,382,40342,0.947
19,Mission,34.26,-118.46000000000001,378,40342,0.937
19,Mission,34.27,-118.45,371,40342,0.92
19,Mission,34.25,-118.45,361,40342,0.895
19,Mission,34.32,-118.44,345,40342,0.855
19,Mission,34.25,-118.46000000000001,327,40342,0.811
19,Mission,34.28,-118.46000000000001,323,40342,0.801
19,Mission,34.29,-118.45,320,40342,0.793
19,Mission,34.31,-118.46000000000001,320,40342,0.793
19,Mission,34.27,-118.47,319,40342,0.791
19,Mission,34.31,-118.48,296,40342,0.734
19,Mission,34.32,-118.43,293,40342,0.726
19,Mission,34.300000000000004,-118.42,282,40342,0.699
19,Mission,34.230000000000004,-118.42,277,40342,0.687
19,Mission,34.26,-118.45,264,40342,0.654
19,Mission,34.32,-118.47,240,40342,0.595
19,Mission,34.31,-118.47,239,40342,0.592
19,Mission,34.29,-118.47,232,40342,0.575
19,Mission,34.24,-118.48,229,40342,0.568
19,Mission,34.29,-118.42,201,40342,0.498
19,Mission,34.29,-118.43,191,40342,0.473
19,Mission,34.32,-118.46000000000001,171,40342,0.424
19,Mission,34.32,-118.49000000000001,168,40342,0.416
19,Mission,34.32,-118.45,159,40342,0.394
19,Mission,34.27,-118.44,149,40342,0.369
19,Mission,34.29,-118.41,139,40342,0.345
19,Mission,34.31,-118.49000000000001,130,40342,0.322
19,Mission,34.22,-118.42,129,40342,0.32
19,Mission,34.32,-118.5,124,40342,0.307
19,Mission,34.32,-118.42,124,40342,0.307
19,Mission,34.31,-118.42,123,40342,0.305
19,Mission,34.31,-118.41,123,40342,0.305
19,Mission,34.28,-118.47,121,40342,0.3
19,Mission,34.32,-118.48,107,40342,0.265
19,Mission,34.2,-118.43,105,40342,0.26
19,Mission,34.21,-118.48,104,40342,0.258
19,Mission,34.31,-118.5,93,40342,0.231
19,Mission,34.29,-118.44,81,40342,0.201
19,Mission,34.32,-118.41,75,40342,0.186
19,Mission,34.2,-118.44,70,40342,0.174
19,Mission,34.26,-118.48,49,40342,0.121
19,Mission,34.25,-118.48,46,40342,0.114
19,Mission,34.29,-118.48,43,40342,0.107
19,Mission,34.24,-118.42,28,40342,0.069
19,Mission,34.27,-118.48,26,40342,0.064
19,Mission,34.21,-118.42,24,40342,0.059
19,Mission,34.25,-118.43,23,40342,0.057
19,Mission,34.31,-118.4,14,40342,0.035
19,Mission,34.300000000000004,-118.41,8,40342,0.02
19,Mission,34.28,-118.42,3,40342,0.007
19,Mission,34.28,-118.41,3,40342,0.007
19,Mission,34.33,-118.51,2,40342,0.005
19,Mission,34.01,-118.27,1,40342,0.002
19,Mission,34.18,-118.51,1,40342,0.002
19,Mission,34.26,-118.44,1,40342,0.002
20,Olympic,34.06,-118.3,5246,50070,10.477
20,Olympic,34.06,-118.31,4889,50070,9.764
20,Olympic,34.05,-118.31,4533,50070,9.053
20,Olympic,34.05,-118.3,4517,50070,9.021
20,Olympic,34.06,-118.29,3464,50070,6.918
20,Olympic,34.07,-118.31,2958,50070,5.908
20,Olympic,34.05,-118.32000000000001,2617,50070,5.227
20,Olympic,34.05,-118.29,2498,50070,4.989
20,Olympic,34.06,-118.32000000000001,2336,50070,4.665
20,Olympic,34.04,-118.31,2290,50070,4.574
20,Olympic,34.07,-118.3,2173,50070,4.34
20,Olympic,34.04,-118.29,1985,50070,3.964
20,Olympic,34.04,-118.3,1884,50070,3.763
20,Olympic,34.04,-118.32000000000001,1812,50070,3.619
20,Olympic,34.07,-118.32000000000001,1732,50070,3.459
20,Olympic,34.07,-118.29,1505,50070,3.006
20,Olympic,34.03,-118.31,648,50070,1.294
20,Olympic,34.08,-118.31,582,50070,1.162
20,Olympic,34.08,-118.32000000000001,548,50070,1.094
20,Olympic,34.03,-118.3,529,50070,1.057
20,Olympic,34.03,-118.29,459,50070,0.917
20,Olympic,34.03,-118.32000000000001,322,50070,0.643
20,Olympic,34.05,-118.33,302,50070,0.603
20,Olympic,34.07,-118.33,106,50070,0.212
20,Olympic,34.08,-118.33,64,50070,0.128
20,Olympic,34.06,-118.33,57,50070,0.114
20,Olympic,33.97,-118.3,3,50070,0.006
20,Olympic,34.05,-118.22,3,50070,0.006
20,Olympic,34.05,-118.26,2,50070,0.004
20,Olympic,34.04,-118.26,1,50070,0.002
20,Olympic,34.06,-118.37,1,50070,0.002
20,Olympic,34.06,-118.26,1,50070,0.002
20,Olympic,34.06,-118.25,1,50070,0.002
20,Olympic,34.08,-118.3,1,50070,0.002
20,Olympic,34.09,-118.31,1,50070,0.002
21,Topanga,34.19,-118.61,2822,41365,6.822
21,Topanga,34.18,-118.60000000000001,2179,41365,5.268
21,Topanga,34.18,-118.61,2031,41365,4.91
21,Topanga,34.19,-118.60000000000001,1948,41365,4.709
21,Topanga,34.2,-118.60000000000001,1694,41365,4.095
21,Topanga,34.2,-118.58,1679,41365,4.059
21,Topanga,34.18,-118.63,1601,41365,3.87
21,Topanga,34.21,-118.61,1204,41365,2.911
21,Topanga,34.160000000000004,-118.59,1192,41365,2.882
21,Topanga,34.19,-118.59,1044,41365,2.524
21,Topanga,34.2,-118.61,927,41365,2.241
21,Topanga,34.18,-118.62,861,41365,2.081
21,Topanga,34.160000000000004,-118.61,843,41365,2.038
21,Topanga,34.22,-118.60000000000001,843,41365,2.038
21,Topanga,34.17,-118.61,836,41365,2.021
21,Topanga,34.22,-118.61,796,41365,1.924
21,Topanga,34.21,-118.58,746,41365,1.803
21,Topanga,34.160000000000004,-118.60000000000001,720,41365,1.741
21,Topanga,34.2,-118.59,713,41365,1.724
21,Topanga,34.21,-118.60000000000001,679,41365,1.641
21,Topanga,34.18,-118.59,599,41365,1.448
21,Topanga,34.2,-118.62,573,41365,1.385
21,Topanga,34.17,-118.60000000000001,564,41365,1.363
21,Topanga,34.160000000000004,-118.63,556,41365,1.344
21,Topanga,34.19,-118.58,555,41365,1.342
21,Topanga,34.21,-118.62,541,41365,1.308
21,Topanga,34.17,-118.62,540,41365,1.305
21,Topanga,34.19,-118.57000000000001,525,41365,1.269
21,Topanga,34.160000000000004,-118.62,502,41365,1.214
21,Topanga,34.19,-118.62,492,41365,1.189
21,Topanga,34.21,-118.59,480,41365,1.16
21,Topanga,34.160000000000004,-118.58,430,41365,1.04
21,Topanga,34.2,-118.57000000000001,400,41365,0.967
21,Topanga,34.21,-118.57000000000001,377,41365,0.911
21,Topanga,34.17,-118.58,370,41365,0.894
21,Topanga,34.17,-118.57000000000001,367,41365,0.887
21,Topanga,34.2,-118.63,364,41365,0.88
21,Topanga,34.22,-118.62,364,41365,0.88
21,Topanga,34.19,-118.63,323,41365,0.781
21,Topanga,34.17,-118.59,322,41365,0.778
21,Topanga,34.18,-118.64,322,41365,0.778
21,Topanga,34.160000000000004,-118.64,302,41365,0.73
21,Topanga,34.230000000000004,-118.61,287,41365,0.694
21,Topanga,34.18,-118.65,284,41365,0.687
21,Topanga,34.15,-118.61,264,41365,0.638
21,Topanga,34.21,-118.63,261,41365,0.631
21,Topanga,34.18,-118.57000000000001,256,41365,0.619
21,Topanga,34.15,-118.60000000000001,245,41365,0.592
21,Topanga,34.18,-118.66,244,41365,0.59
21,Topanga,34.15,-118.63,220,41365,0.532
21,Topanga,34.19,-118.65,210,41365,0.508
21,Topanga,34.17,-118.65,196,41365,0.474
21,Topanga,34.15,-118.59,179,41365,0.433
21,Topanga,34.22,-118.58,173,41365,0.418
21,Topanga,34.15,-118.64,169,41365,0.409
21,Topanga,34.18,-118.58,167,41365,0.404
21,Topanga,34.17,-118.63,164,41365,0.396
21,Topanga,34.21,-118.64,164,41365,0.396
21,Topanga,34.15,-118.62,163,41365,0.394
21,Topanga,34.21,-118.65,160,41365,0.387
21,Topanga,34.19,-118.64,154,41365,0.372
21,Topanga,34.17,-118.66,150,41365,0.363
21,Topanga,34.17,-118.64,147,41365,0.355
21,Topanga,34.160000000000004,-118.65,137,41365,0.331
21,Topanga,34.19,-118.66,134,41365,0.324
21,Topanga,34.2,-118.64,122,41365,0.295
21,Topanga,34.160000000000004,-118.57000000000001,117,41365,0.283
21,Topanga,34.22,-118.57000000000001,117,41365,0.283
21,Topanga,34.230000000000004,-118.60000000000001,107,41365,0.259
21,Topanga,34.15,-118.58,106,41365,0.256
21,Topanga,34.14,-118.60000000000001,100,41365,0.242
21,Topanga,34.2,-118.65,98,41365,0.237
21,Topanga,34.2,-118.66,94,41365,0.227
21,Topanga,34.22,-118.65,74,41365,0.179
21,Topanga,34.22,-118.64,65,41365,0.157
21,Topanga,34.14,-118.61,58,41365,0.14
21,Topanga,34.17,-118.67,51,41365,0.123
21,Topanga,34.160000000000004,-118.66,50,41365,0.121
21,Topanga,34.14,-118.63,48,41365,0.116
21,Topanga,34.18,-118.67,48,41365,0.116
21,Topanga,34.230000000000004,-118.63,47,41365,0.114
21,Topanga,34.15,-118.57000000000001,42,41365,0.102
21,Topanga,34.22,-118.59,42,41365,0.102
21,Topanga,34.21,-118.66,36,41365,0.087
21,Topanga,34.14,-118.62,29,41365,0.07
21,Topanga,34.22,-118.63,29,41365,0.07
21,Topanga,34.24,-118.62,29,41365,0.07
21,Topanga,34.2,-118.67,26,41365,0.063
21,Topanga,34.24,-118.61,24,41365,0.058
21,Topanga,34.14,-118.58,19,41365,0.046
21,Topanga,34.22,-118.66,11,41365,0.027
21,Topanga,34.14,-118.59,10,41365,0.024
21,Topanga,34.19,-118.67,6,41365,0.015
21,Topanga,34.230000000000004,-118.62,3,41365,0.007
21,Topanga,34.13,-118.58,2,41365,0.005
21,Topanga,34.230000000000004,-118.65,1,41365,0.002
