Vict Age Group,Age Order,Vict Sex,Weapon Used Cd,Weapon Desc,count
2-9,1,F,400.0,"STRONG-ARM (HANDS, FIST, FEET OR BODILY FORCE)",1374
2-9,1,F,500.0,UNKNOWN WEAPON/OTHER WEAPON,126
2-9,1,F,511.0,VERBAL THREAT,52
2-9,1,F,102.0,HAND GUN,45
2-9,1,F,106.0,UNKNOWN FIREARM,34
2-9,1,F,109.0,SEMI-AUTOMATIC PISTOL,27
2-9,1,F,307.0,VEHICLE,23
2-9,1,F,114.0,AIR PISTOL/REVOLVER/RIFLE/BB GUN,13
2-9,1,F,308.0,STICK,12
2-9,1,F,207.0,OTHER KNIFE,8
2-9,1,F,306.0,ROCK/THROWN OBJECT,8
2-9,1,F,512.0,MACE/PEPPER SPRAY,6
2-9,1,F,200.0,KNIFE WITH BLADE 6INCHES OR LESS,5
2-9,1,F,212.0,BOTTLE,5
2-9,1,F,302.0,BLUNT INSTRUMENT,5
2-9,1,F,304.0,CLUB/BAT,4
2-9,1,F,312.0,PIPE/METAL PIPE,4
2-9,1,F,205.0,KITCHEN KNIFE,3
2-9,1,F,201.0,KNIFE WITH BLADE OVER 6 INCHES IN LENGTH,2
2-9,1,M,400.0,"STRONG-ARM (HANDS, FIST, FEET OR BODILY FORCE)",974
2-9,1,M,500.0,UNKNOWN WEAPON/OTHER WEAPON,149
2-9,1,M,102.0,HAND GUN,54
2-9,1,M,511.0,VERBAL THREAT,40
2-9,1,M,307.0,VEHICLE,26
2-9,1,M,106.0,UNKNOWN FIREARM,25
2-9,1,M,109.0,SEMI-AUTOMATIC PISTOL,25
2-9,1,M,308.0,STICK,16
2-9,1,M,114.0,AIR PISTOL/REVOLVER/RIFLE/BB GUN,10
2-9,1,M,512.0,MACE/PEPPER SPRAY,10
2-9,1,M,207.0,OTHER KNIFE,9
2-9,1,M,306.0,ROCK/THROWN OBJECT,8
2-9,1,M,205.0,KITCHEN KNIFE,7
2-9,1,M,302.0,BLUNT INSTRUMENT,7
2-9,1,M,200.0,KNIFE WITH BLADE 6INCHES OR LESS,6
2-9,1,M,212.0,BOTTLE,6
2-9,1,M,204.0,FOLDING KNIFE,5
2-9,1,M,312.0,PIPE/METAL PIPE,5
2-9,1,M,201.0,KNIFE WITH BLADE OVER 6 INCHES IN LENGTH,3
2-9,1,M,304.0,CLUB/BAT,1
2-9,1,X,102.0,HAND GUN,13
2-9,1,X,109.0,SEMI-AUTOMATIC PISTOL,10
2-9,1,X,106.0,UNKNOWN FIREARM,7
2-9,1,X,511.0,VERBAL THREAT,5
2-9,1,X,400.0,"STRONG-ARM (HANDS, FIST, FEET OR BODILY FORCE)",4
2-9,1,X,512.0,MACE/PEPPER SPRAY,3
2-9,1,X,307.0,VEHICLE,2
2-9,1,X,500.0,UNKNOWN WEAPON/OTHER WEAPON,2
2-9,1,X,114.0,AIR PISTOL/REVOLVER/RIFLE/BB GUN,1
2-9,1,X,205.0,KITCHEN KNIFE,1
2-9,1,X,207.0,OTHER KNIFE,1
2-9,1,X,312.0,PIPE/METAL PIPE,1
10-12,2,F,400.0,"STRONG-ARM (HANDS, FIST, FEET OR BODILY FORCE)",1459
10-12,2,F,500.0,UNKNOWN WEAPON/OTHER WEAPON,114
10-12,2,F,511.0,VERBAL THREAT,85
10-12,2,F,102.0,HAND GUN,28
10-12,2,F,106.0,UNKNOWN FIREARM,12
10-12,2,F,109.0,SEMI-AUTOMATIC PISTOL,10
10-12,2,F,307.0,VEHICLE,8
10-12,2,F,308.0,STICK,7
10-12,2,F,200.0,KNIFE WITH BLADE 6INCHES OR LESS,6
10-12,2,F,207.0,OTHER KNIFE,6
10-12,2,F,114.0,AIR PISTOL/REVOLVER/RIFLE/BB GUN,5
10-12,2,F,512.0,MACE/PEPPER SPRAY,4
10-12,2,F,204.0,FOLDING KNIFE,3
10-12,2,F,205.0,KITCHEN KNIFE,3
10-12,2,F,201.0,KNIFE WITH BLADE OVER 6 INCHES IN LENGTH,2
10-12,2,F,302.0,BLUNT INSTRUMENT,2
10-12,2,F,304.0,CLUB/BAT,2
10-12,2,F,306.0,ROCK/THROWN OBJECT,1
10-12,2,F,312.0,PIPE/METAL PIPE,1
10-12,2,M,400.0,"STRONG-ARM (HANDS, FIST, FEET OR BODILY FORCE)",751
10-12,2,M,500.0,UNKNOWN WEAPON/OTHER WEAPON,98
10-12,2,M,511.0,VERBAL THREAT,96
10-12,2,M,102.0,HAND GUN,52
10-12,2,M,109.0,SEMI-AUTOMATIC PISTOL,18
10-12,2,M,114.0,AIR PISTOL/REVOLVER/RIFLE/BB GUN,16
10-12,2,M,200.0,KNIFE WITH BLADE 6INCHES OR LESS,13
10-12,2,M,106.0,UNKNOWN FIREARM,12
10-12,2,M,308.0,STICK,11
10-12,2,M,207.0,OTHER KNIFE,10
10-12,2,M,307.0,VEHICLE,10
10-12,2,M,306.0,ROCK/THROWN OBJECT,7
10-12,2,M,204.0,FOLDING KNIFE,6
10-12,2,M,302.0,BLUNT INSTRUMENT,5
10-12,2,M,512.0,MACE/PEPPER SPRAY,4
10-12,2,M,205.0,KITCHEN KNIFE,3
10-12,2,M,304.0,CLUB/BAT,2
10-12,2,M,312.0,PIPE/METAL PIPE,2
10-12,2,M,201.0,KNIFE WITH BLADE OVER 6 INCHES IN LENGTH,1
10-12,2,M,212.0,BOTTLE,1
10-12,2,X,109.0,SEMI-AUTOMATIC PISTOL,9
10-12,2,X,400.0,"STRONG-ARM (HANDS, FIST, FEET OR BODILY FORCE)",7
10-12,2,X,307.0,VEHICLE,5
10-12,2,X,500.0,UNKNOWN WEAPON/OTHER WEAPON,2
10-12,2,X,102.0,HAND GUN,1
10-12,2,X,106.0,UNKNOWN FIREARM,1
10-12,2,X,204.0,FOLDING KNIFE,1
10-12,2,X,212.0,BOTTLE,1
10-12,2,X,511.0,VERBAL THREAT,1
10-12,2,X,512.0,MACE/PEPPER SPRAY,1
13-17,3,F,400.0,"STRONG-ARM (HANDS, FIST, FEET OR BODILY FORCE)",5996
13-17,3,F,511.0,VERBAL THREAT,413
13-17,3,F,500.0,UNKNOWN WEAPON/OTHER WEAPON,313
13-17,3,F,102.0,HAND GUN,179
13-17,3,F,106.0,UNKNOWN FIREARM,64
13-17,3,F,109.0,SEMI-AUTOMATIC PISTOL,54
13-17,3,F,200.0,KNIFE WITH BLADE 6INCHES OR LESS,53
13-17,3,F,207.0,OTHER KNIFE,44
13-17,3,F,512.0,MACE/PEPPER SPRAY,38
13-17,3,F,114.0,AIR PISTOL/REVOLVER/RIFLE/BB GUN,33
13-17,3,F,307.0,VEHICLE,32
13-17,3,F,308.0,STICK,27
13-17,3,F,205.0,KITCHEN KNIFE,24
13-17,3,F,204.0,FOLDING KNIFE,17
13-17,3,F,304.0,CLUB/BAT,16
13-17,3,F,212.0,BOTTLE,13
13-17,3,F,302.0,BLUNT INSTRUMENT,13
13-17,3,F,306.0,ROCK/THROWN OBJECT,12
13-17,3,F,312.0,PIPE/METAL PIPE,11
13-17,3,F,201.0,KNIFE WITH BLADE OVER 6 INCHES IN LENGTH,10
13-17,3,M,400.0,"STRONG-ARM (HANDS, FIST, FEET OR BODILY FORCE)",3065
13-17,3,M,102.0,HAND GUN,582
13-17,3,M,511.0,VERBAL THREAT,379
13-17,3,M,500.0,UNKNOWN WEAPON/OTHER WEAPON,267
13-17,3,M,109.0,SEMI-AUTOMATIC PISTOL,233
13-17,3,M,106.0,UNKNOWN FIREARM,174
13-17,3,M,200.0,KNIFE WITH BLADE 6INCHES OR LESS,136
13-17,3,M,207.0,OTHER KNIFE,133
13-17,3,M,114.0,AIR PISTOL/REVOLVER/RIFLE/BB GUN,61
13-17,3,M,204.0,FOLDING KNIFE,61
13-17,3,M,304.0,CLUB/BAT,39
13-17,3,M,308.0,STICK,32
13-17,3,M,512.0,MACE/PEPPER SPRAY,30
13-17,3,M,205.0,KITCHEN KNIFE,28
13-17,3,M,212.0,BOTTLE,27
13-17,3,M,307.0,VEHICLE,27
13-17,3,M,201.0,KNIFE WITH BLADE OVER 6 INCHES IN LENGTH,20
13-17,3,M,312.0,PIPE/METAL PIPE,15
13-17,3,M,302.0,BLUNT INSTRUMENT,13
13-17,3,M,306.0,ROCK/THROWN OBJECT,11
13-17,3,X,400.0,"STRONG-ARM (HANDS, FIST, FEET OR BODILY FORCE)",35
13-17,3,X,102.0,HAND GUN,15
13-17,3,X,511.0,VERBAL THREAT,10
13-17,3,X,106.0,UNKNOWN FIREARM,6
13-17,3,X,307.0,VEHICLE,4
13-17,3,X,109.0,SEMI-AUTOMATIC PISTOL,3
13-17,3,X,207.0,OTHER KNIFE,2
13-17,3,X,312.0,PIPE/METAL PIPE,2
13-17,3,X,500.0,UNKNOWN WEAPON/OTHER WEAPON,2
13-17,3,X,114.0,AIR PISTOL/REVOLVER/RIFLE/BB GUN,1
13-17,3,X,512.0,MACE/PEPPER SPRAY,1
18-20,4,F,400.0,"STRONG-ARM (HANDS, FIST, FEET OR BODILY FORCE)",5825
18-20,4,F,511.0,VERBAL THREAT,429
18-20,4,F,500.0,UNKNOWN WEAPON/OTHER WEAPON,423
18-20,4,F,102.0,HAND GUN,333
18-20,4,F,106.0,UNKNOWN FIREARM,129
18-20,4,F,109.0,SEMI-AUTOMATIC PISTOL,124
18-20,4,F,200.0,KNIFE WITH BLADE 6INCHES OR LESS,96
18-20,4,F,207.0,OTHER KNIFE,91
18-20,4,F,307.0,VEHICLE,82
18-20,4,F,512.0,MACE/PEPPER SPRAY,58
18-20,4,F,204.0,FOLDING KNIFE,37
18-20,4,F,212.0,BOTTLE,36
18-20,4,F,205.0,KITCHEN KNIFE,34
18-20,4,F,114.0,AIR PISTOL/REVOLVER/RIFLE/BB GUN,29
18-20,4,F,306.0,ROCK/THROWN OBJECT,28
18-20,4,F,304.0,CLUB/BAT,25
18-20,4,F,308.0,STICK,22
18-20,4,F,312.0,PIPE/METAL PIPE,14
18-20,4,F,201.0,KNIFE WITH BLADE OVER 6 INCHES IN LENGTH,13
18-20,4,F,302.0,BLUNT INSTRUMENT,10
18-20,4,M,400.0,"STRONG-ARM (HANDS, FIST, FEET OR BODILY FORCE)",2552
18-20,4,M,102.0,HAND GUN,877
18-20,4,M,500.0,UNKNOWN WEAPON/OTHER WEAPON,390
18-20,4,M,109.0,SEMI-AUTOMATIC PISTOL,380
18-20,4,M,511.0,VERBAL THREAT,353
18-20,4,M,106.0,UNKNOWN FIREARM,305
18-20,4,M,200.0,KNIFE WITH BLADE 6INCHES OR LESS,209
18-20,4,M,207.0,OTHER KNIFE,169
18-20,4,M,204.0,FOLDING KNIFE,78
18-20,4,M,512.0,MACE/PEPPER SPRAY,73
18-20,4,M,307.0,VEHICLE,70
18-20,4,M,304.0,CLUB/BAT,59
18-20,4,M,114.0,AIR PISTOL/REVOLVER/RIFLE/BB GUN,47
18-20,4,M,212.0,BOTTLE,47
18-20,4,M,201.0,KNIFE WITH BLADE OVER 6 INCHES IN LENGTH,43
18-20,4,M,205.0,KITCHEN KNIFE,41
18-20,4,M,302.0,BLUNT INSTRUMENT,34
18-20,4,M,306.0,ROCK/THROWN OBJECT,34
18-20,4,M,312.0,PIPE/METAL PIPE,34
18-20,4,M,308.0,STICK,19
18-20,4,X,400.0,"STRONG-ARM (HANDS, FIST, FEET OR BODILY FORCE)",238
18-20,4,X,102.0,HAND GUN,93
18-20,4,X,500.0,UNKNOWN WEAPON/OTHER WEAPON,71
18-20,4,X,106.0,UNKNOWN FIREARM,57
18-20,4,X,511.0,VERBAL THREAT,34
18-20,4,X,109.0,SEMI-AUTOMATIC PISTOL,28
18-20,4,X,200.0,KNIFE WITH BLADE 6INCHES OR LESS,11
18-20,4,X,306.0,ROCK/THROWN OBJECT,10
18-20,4,X,312.0,PIPE/METAL PIPE,10
18-20,4,X,307.0,VEHICLE,8
18-20,4,X,204.0,FOLDING KNIFE,7
18-20,4,X,207.0,OTHER KNIFE,6
18-20,4,X,308.0,STICK,5
18-20,4,X,512.0,MACE/PEPPER SPRAY,5
18-20,4,X,205.0,KITCHEN KNIFE,4
18-20,4,X,201.0,KNIFE WITH BLADE OVER 6 INCHES IN LENGTH,3
18-20,4,X,304.0,CLUB/BAT,3
18-20,4,X,114.0,AIR PISTOL/REVOLVER/RIFLE/BB GUN,2
18-20,4,X,212.0,BOTTLE,2
18-20,4,X,302.0,BLUNT INSTRUMENT,1
21-24,5,F,400.0,"STRONG-ARM (HANDS, FIST, FEET OR BODILY FORCE)",11044
21-24,5,F,500.0,UNKNOWN WEAPON/OTHER WEAPON,1025
21-24,5,F,511.0,VERBAL THREAT,944
21-24,5,F,102.0,HAND GUN,613
21-24,5,F,109.0,SEMI-AUTOMATIC PISTOL,222
21-24,5,F,106.0,UNKNOWN FIREARM,167
21-24,5,F,307.0,VEHICLE,149
21-24,5,F,200.0,KNIFE WITH BLADE 6INCHES OR LESS,146
21-24,5,F,207.0,OTHER KNIFE,141
21-24,5,F,512.0,MACE/PEPPER SPRAY,99
21-24,5,F,212.0,BOTTLE,84
21-24,5,F,205.0,KITCHEN KNIFE,76
21-24,5,F,114.0,AIR PISTOL/REVOLVER/RIFLE/BB GUN,73
21-24,5,F,306.0,ROCK/THROWN OBJECT,69
21-24,5,F,304.0,CLUB/BAT,51
21-24,5,F,204.0,FOLDING KNIFE,49
21-24,5,F,312.0,PIPE/METAL PIPE,43
21-24,5,F,302.0,BLUNT INSTRUMENT,38
21-24,5,F,308.0,STICK,36
21-24,5,F,201.0,KNIFE WITH BLADE OVER 6 INCHES IN LENGTH,34
21-24,5,M,400.0,"STRONG-ARM (HANDS, FIST, FEET OR BODILY FORCE)",5412
21-24,5,M,102.0,HAND GUN,1547
21-24,5,M,500.0,UNKNOWN WEAPON/OTHER WEAPON,1109
21-24,5,M,511.0,VERBAL THREAT,751
21-24,5,M,109.0,SEMI-AUTOMATIC PISTOL,514
21-24,5,M,200.0,KNIFE WITH BLADE 6INCHES OR LESS,417
21-24,5,M,106.0,UNKNOWN FIREARM,390
21-24,5,M,207.0,OTHER KNIFE,311
21-24,5,M,512.0,MACE/PEPPER SPRAY,189
21-24,5,M,307.0,VEHICLE,152
21-24,5,M,204.0,FOLDING KNIFE,130
21-24,5,M,304.0,CLUB/BAT,119
21-24,5,M,312.0,PIPE/METAL PIPE,106
21-24,5,M,212.0,BOTTLE,104
21-24,5,M,205.0,KITCHEN KNIFE,101
21-24,5,M,201.0,KNIFE WITH BLADE OVER 6 INCHES IN LENGTH,90
21-24,5,M,114.0,AIR PISTOL/REVOLVER/RIFLE/BB GUN,84
21-24,5,M,306.0,ROCK/THROWN OBJECT,67
21-24,5,M,308.0,STICK,65
21-24,5,M,302.0,BLUNT INSTRUMENT,60
21-24,5,X,400.0,"STRONG-ARM (HANDS, FIST, FEET OR BODILY FORCE)",374
21-24,5,X,102.0,HAND GUN,141
21-24,5,X,500.0,UNKNOWN WEAPON/OTHER WEAPON,109
21-24,5,X,511.0,VERBAL THREAT,85
21-24,5,X,106.0,UNKNOWN FIREARM,69
21-24,5,X,109.0,SEMI-AUTOMATIC PISTOL,55
21-24,5,X,512.0,MACE/PEPPER SPRAY,24
21-24,5,X,306.0,ROCK/THROWN OBJECT,20
21-24,5,X,307.0,VEHICLE,20
21-24,5,X,200.0,KNIFE WITH BLADE 6INCHES OR LESS,18
21-24,5,X,207.0,OTHER KNIFE,11
21-24,5,X,212.0,BOTTLE,11
21-24,5,X,201.0,KNIFE WITH BLADE OVER 6 INCHES IN LENGTH,10
21-24,5,X,204.0,FOLDING KNIFE,8
21-24,5,X,114.0,AIR PISTOL/REVOLVER/RIFLE/BB GUN,7
21-24,5,X,308.0,STICK,7
21-24,5,X,205.0,KITCHEN KNIFE,6
21-24,5,X,302.0,BLUNT INSTRUMENT,6
21-24,5,X,304.0,CLUB/BAT,5
21-24,5,X,312.0,PIPE/METAL PIPE,5
25-34,6,F,400.0,"STRONG-ARM (HANDS, FIST, FEET OR BODILY FORCE)",29410
25-34,6,F,500.0,UNKNOWN WEAPON/OTHER WEAPON,3626
25-34,6,F,511.0,VERBAL THREAT,3036
25-34,6,F,102.0,HAND GUN,1399
25-34,6,F,109.0,SEMI-AUTOMATIC PISTOL,470
25-34,6,F,200.0,KNIFE WITH BLADE 6INCHES OR LESS,454
25-34,6,F,106.0,UNKNOWN FIREARM,437
25-34,6,F,207.0,OTHER KNIFE,424
25-34,6,F,307.0,VEHICLE,401
25-34,6,F,512.0,MACE/PEPPER SPRAY,328
25-34,6,F,212.0,BOTTLE,247
25-34,6,F,306.0,ROCK/THROWN OBJECT,242
25-34,6,F,205.0,KITCHEN KNIFE,191
25-34,6,F,308.0,STICK,174
25-34,6,F,204.0,FOLDING KNIFE,156
25-34,6,F,114.0,AIR PISTOL/REVOLVER/RIFLE/BB GUN,153
25-34,6,F,312.0,PIPE/METAL PIPE,142
25-34,6,F,304.0,CLUB/BAT,139
25-34,6,F,201.0,KNIFE WITH BLADE OVER 6 INCHES IN LENGTH,130
25-34,6,F,302.0,BLUNT INSTRUMENT,114
25-34,6,M,400.0,"STRONG-ARM (HANDS, FIST, FEET OR BODILY FORCE)",17411
25-34,6,M,500.0,UNKNOWN WEAPON/OTHER WEAPON,4384
25-34,6,M,102.0,HAND GUN,3894
25-34,6,M,511.0,VERBAL THREAT,2577
25-34,6,M,109.0,SEMI-AUTOMATIC PISTOL,1377
25-34,6,M,200.0,KNIFE WITH BLADE 6INCHES OR LESS,1364
25-34,6,M,207.0,OTHER KNIFE,1137
25-34,6,M,106.0,UNKNOWN FIREARM,1109
25-34,6,M,512.0,MACE/PEPPER SPRAY,611
25-34,6,M,307.0,VEHICLE,493
25-34,6,M,204.0,FOLDING KNIFE,471
25-34,6,M,212.0,BOTTLE,388
25-34,6,M,304.0,CLUB/BAT,374
25-34,6,M,312.0,PIPE/METAL PIPE,354
25-34,6,M,205.0,KITCHEN KNIFE,316
25-34,6,M,201.0,KNIFE WITH BLADE OVER 6 INCHES IN LENGTH,306
25-34,6,M,114.0,AIR PISTOL/REVOLVER/RIFLE/BB GUN,290
25-34,6,M,308.0,STICK,284
25-34,6,M,306.0,ROCK/THROWN OBJECT,252
25-34,6,M,302.0,BLUNT INSTRUMENT,209
25-34,6,X,400.0,"STRONG-ARM (HANDS, FIST, FEET OR BODILY FORCE)",95
25-34,6,X,500.0,UNKNOWN WEAPON/OTHER WEAPON,28
25-34,6,X,102.0,HAND GUN,25
25-34,6,X,109.0,SEMI-AUTOMATIC PISTOL,23
25-34,6,X,511.0,VERBAL THREAT,23
25-34,6,X,106.0,UNKNOWN FIREARM,17
25-34,6,X,512.0,MACE/PEPPER SPRAY,8
25-34,6,X,114.0,AIR PISTOL/REVOLVER/RIFLE/BB GUN,6
25-34,6,X,200.0,KNIFE WITH BLADE 6INCHES OR LESS,6
25-34,6,X,205.0,KITCHEN KNIFE,5
25-34,6,X,307.0,VEHICLE,5
25-34,6,X,306.0,ROCK/THROWN OBJECT,3
25-34,6,X,201.0,KNIFE WITH BLADE OVER 6 INCHES IN LENGTH,2
25-34,6,X,207.0,OTHER KNIFE,2
25-34,6,X,212.0,BOTTLE,2
25-34,6,X,204.0,FOLDING KNIFE,1
25-34,6,X,302.0,BLUNT INSTRUMENT,1
25-34,6,X,304.0,CLUB/BAT,1
25-34,6,X,308.0,STICK,1
25-34,6,X,312.0,PIPE/METAL PIPE,1
35-49,7,F,400.0,"STRONG-ARM (HANDS, FIST, FEET OR BODILY FORCE)",25889
35-49,7,F,500.0,UNKNOWN WEAPON/OTHER WEAPON,4084
35-49,7,F,511.0,VERBAL THREAT,3661
35-49,7,F,102.0,HAND GUN,1256
35-49,7,F,200.0,KNIFE WITH BLADE 6INCHES OR LESS,543
35-49,7,F,207.0,OTHER KNIFE,471
35-49,7,F,109.0,SEMI-AUTOMATIC PISTOL,429
35-49,7,F,106.0,UNKNOWN FIREARM,428
35-49,7,F,307.0,VEHICLE,346
35-49,7,F,512.0,MACE/PEPPER SPRAY,334
35-49,7,F,306.0,ROCK/THROWN OBJECT,293
35-49,7,F,308.0,STICK,235
35-49,7,F,212.0,BOTTLE,232
35-49,7,F,205.0,KITCHEN KNIFE,209
35-49,7,F,312.0,PIPE/METAL PIPE,186
35-49,7,F,304.0,CLUB/BAT,178
35-49,7,F,204.0,FOLDING KNIFE,175
35-49,7,F,302.0,BLUNT INSTRUMENT,157
35-49,7,F,114.0,AIR PISTOL/REVOLVER/RIFLE/BB GUN,145
35-49,7,F,201.0,KNIFE WITH BLADE OVER 6 INCHES IN LENGTH,136
35-49,7,M,400.0,"STRONG-ARM (HANDS, FIST, FEET OR BODILY FORCE)",18406
35-49,7,M,500.0,UNKNOWN WEAPON/OTHER WEAPON,5753
35-49,7,M,102.0,HAND GUN,3621
35-49,7,M,511.0,VERBAL THREAT,3353
35-49,7,M,200.0,KNIFE WITH BLADE 6INCHES OR LESS,1441
35-49,7,M,109.0,SEMI-AUTOMATIC PISTOL,1272
35-49,7,M,207.0,OTHER KNIFE,1189
35-49,7,M,106.0,UNKNOWN FIREARM,925
35-49,7,M,512.0,MACE/PEPPER SPRAY,742
35-49,7,M,307.0,VEHICLE,536
35-49,7,M,312.0,PIPE/METAL PIPE,532
35-49,7,M,304.0,CLUB/BAT,486
35-49,7,M,212.0,BOTTLE,485
35-49,7,M,306.0,ROCK/THROWN OBJECT,436
35-49,7,M,204.0,FOLDING KNIFE,434
35-49,7,M,308.0,STICK,431
35-49,7,M,114.0,AIR PISTOL/REVOLVER/RIFLE/BB GUN,391
35-49,7,M,201.0,KNIFE WITH BLADE OVER 6 INCHES IN LENGTH,351
35-49,7,M,205.0,KITCHEN KNIFE,336
35-49,7,M,302.0,BLUNT INSTRUMENT,251
35-49,7,X,400.0,"STRONG-ARM (HANDS, FIST, FEET OR BODILY FORCE)",100
35-49,7,X,500.0,UNKNOWN WEAPON/OTHER WEAPON,36
35-49,7,X,102.0,HAND GUN,28
35-49,7,X,511.0,VERBAL THREAT,22
35-49,7,X,109.0,SEMI-AUTOMATIC PISTOL,14
35-49,7,X,106.0,UNKNOWN FIREARM,9
35-49,7,X,307.0,VEHICLE,8
35-49,7,X,200.0,KNIFE WITH BLADE 6INCHES OR LESS,4
35-49,7,X,212.0,BOTTLE,4
35-49,7,X,312.0,PIPE/METAL PIPE,4
35-49,7,X,201.0,KNIFE WITH BLADE OVER 6 INCHES IN LENGTH,3
35-49,7,X,207.0,OTHER KNIFE,3
35-49,7,X,306.0,ROCK/THROWN OBJECT,3
35-49,7,X,308.0,STICK,3
35-49,7,X,114.0,AIR PISTOL/REVOLVER/RIFLE/BB GUN,2
35-49,7,X,205.0,KITCHEN KNIFE,2
35-49,7,X,512.0,MACE/PEPPER SPRAY,2
35-49,7,X,302.0,BLUNT INSTRUMENT,1
35-49,7,X,304.0,CLUB/BAT,1
50-64,8,F,400.0,"STRONG-ARM (HANDS, FIST, FEET OR BODILY FORCE)",12880
50-64,8,F,500.0,UNKNOWN WEAPON/OTHER WEAPON,2658
50-64,8,F,511.0,VERBAL THREAT,2115
50-64,8,F,102.0,HAND GUN,563
50-64,8,F,200.0,KNIFE WITH BLADE 6INCHES OR LESS,309
50-64,8,F,207.0,OTHER KNIFE,295
50-64,8,F,512.0,MACE/PEPPER SPRAY,215
50-64,8,F,106.0,UNKNOWN FIREARM,210
50-64,8,F,306.0,ROCK/THROWN OBJECT,173
50-64,8,F,109.0,SEMI-AUTOMATIC PISTOL,158
50-64,8,F,308.0,STICK,157
50-64,8,F,307.0,VEHICLE,142
50-64,8,F,212.0,BOTTLE,137
50-64,8,F,205.0,KITCHEN KNIFE,129
50-64,8,F,312.0,PIPE/METAL PIPE,129
50-64,8,F,302.0,BLUNT INSTRUMENT,102
50-64,8,F,201.0,KNIFE WITH BLADE OVER 6 INCHES IN LENGTH,97
50-64,8,F,204.0,FOLDING KNIFE,95
50-64,8,F,304.0,CLUB/BAT,88
50-64,8,F,114.0,AIR PISTOL/REVOLVER/RIFLE/BB GUN,65
50-64,8,M,400.0,"STRONG-ARM (HANDS, FIST, FEET OR BODILY FORCE)",13121
50-64,8,M,500.0,UNKNOWN WEAPON/OTHER WEAPON,4132
50-64,8,M,511.0,VERBAL THREAT,2382
50-64,8,M,102.0,HAND GUN,1593
50-64,8,M,200.0,KNIFE WITH BLADE 6INCHES OR LESS,890
50-64,8,M,207.0,OTHER KNIFE,770
50-64,8,M,109.0,SEMI-AUTOMATIC PISTOL,635
50-64,8,M,312.0,PIPE/METAL PIPE,474
50-64,8,M,512.0,MACE/PEPPER SPRAY,473
50-64,8,M,106.0,UNKNOWN FIREARM,440
50-64,8,M,308.0,STICK,399
50-64,8,M,304.0,CLUB/BAT,320
50-64,8,M,306.0,ROCK/THROWN OBJECT,316
50-64,8,M,307.0,VEHICLE,315
50-64,8,M,204.0,FOLDING KNIFE,294
50-64,8,M,212.0,BOTTLE,269
50-64,8,M,201.0,KNIFE WITH BLADE OVER 6 INCHES IN LENGTH,252
50-64,8,M,205.0,KITCHEN KNIFE,237
50-64,8,M,114.0,AIR PISTOL/REVOLVER/RIFLE/BB GUN,225
50-64,8,M,302.0,BLUNT INSTRUMENT,189
50-64,8,X,400.0,"STRONG-ARM (HANDS, FIST, FEET OR BODILY FORCE)",54
50-64,8,X,102.0,HAND GUN,16
50-64,8,X,500.0,UNKNOWN WEAPON/OTHER WEAPON,16
50-64,8,X,109.0,SEMI-AUTOMATIC PISTOL,5
50-64,8,X,207.0,OTHER KNIFE,5
50-64,8,X,511.0,VERBAL THREAT,5
50-64,8,X,106.0,UNKNOWN FIREARM,4
50-64,8,X,200.0,KNIFE WITH BLADE 6INCHES OR LESS,3
50-64,8,X,201.0,KNIFE WITH BLADE OVER 6 INCHES IN LENGTH,3
50-64,8,X,308.0,STICK,3
50-64,8,X,312.0,PIPE/METAL PIPE,2
50-64,8,X,114.0,AIR PISTOL/REVOLVER/RIFLE/BB GUN,1
50-64,8,X,204.0,FOLDING KNIFE,1
50-64,8,X,212.0,BOTTLE,1
50-64,8,X,302.0,BLUNT INSTRUMENT,1
65+,9,F,400.0,"STRONG-ARM (HANDS, FIST, FEET OR BODILY FORCE)",4435
65+,9,F,500.0,UNKNOWN WEAPON/OTHER WEAPON,1104
65+,9,F,511.0,VERBAL THREAT,640
65+,9,F,102.0,HAND GUN,132
65+,9,F,200.0,KNIFE WITH BLADE 6INCHES OR LESS,84
65+,9,F,106.0,UNKNOWN FIREARM,67
65+,9,F,308.0,STICK,66
65+,9,F,207.0,OTHER KNIFE,65
65+,9,F,306.0,ROCK/THROWN OBJECT,60
65+,9,F,512.0,MACE/PEPPER SPRAY,49
65+,9,F,312.0,PIPE/METAL PIPE,42
65+,9,F,109.0,SEMI-AUTOMATIC PISTOL,41
65+,9,F,212.0,BOTTLE,36
65+,9,F,307.0,VEHICLE,33
65+,9,F,205.0,KITCHEN KNIFE,30
65+,9,F,201.0,KNIFE WITH BLADE OVER 6 INCHES IN LENGTH,23
65+,9,F,302.0,BLUNT INSTRUMENT,23
65+,9,F,114.0,AIR PISTOL/REVOLVER/RIFLE/BB GUN,22
65+,9,F,304.0,CLUB/BAT,19
65+,9,F,204.0,FOLDING KNIFE,13
65+,9,M,400.0,"STRONG-ARM (HANDS, FIST, FEET OR BODILY FORCE)",4863
65+,9,M,500.0,UNKNOWN WEAPON/OTHER WEAPON,1458
65+,9,M,511.0,VERBAL THREAT,697
65+,9,M,102.0,HAND GUN,340
65+,9,M,200.0,KNIFE WITH BLADE 6INCHES OR LESS,212
65+,9,M,207.0,OTHER KNIFE,182
65+,9,M,512.0,MACE/PEPPER SPRAY,157
65+,9,M,308.0,STICK,133
65+,9,M,312.0,PIPE/METAL PIPE,128
65+,9,M,109.0,SEMI-AUTOMATIC PISTOL,116
65+,9,M,106.0,UNKNOWN FIREARM,99
65+,9,M,306.0,ROCK/THROWN OBJECT,92
65+,9,M,307.0,VEHICLE,75
65+,9,M,304.0,CLUB/BAT,74
65+,9,M,204.0,FOLDING KNIFE,73
65+,9,M,212.0,BOTTLE,67
65+,9,M,302.0,BLUNT INSTRUMENT,61
65+,9,M,205.0,KITCHEN KNIFE,58
65+,9,M,114.0,AIR PISTOL/REVOLVER/RIFLE/BB GUN,49
65+,9,M,201.0,KNIFE WITH BLADE OVER 6 INCHES IN LENGTH,48
65+,9,X,400.0,"STRONG-ARM (HANDS, FIST, FEET OR BODILY FORCE)",18
65+,9,X,511.0,VERBAL THREAT,7
65+,9,X,500.0,UNKNOWN WEAPON/OTHER WEAPON,6
65+,9,X,307.0,VEHICLE,3
65+,9,X,102.0,HAND GUN,2
65+,9,X,106.0,UNKNOWN FIREARM,2
65+,9,X,109.0,SEMI-AUTOMATIC PISTOL,2
65+,9,X,200.0,KNIFE WITH BLADE 6INCHES OR LESS,2
65+,9,X,204.0,FOLDING KNIFE,1
65+,9,X,205.0,KITCHEN KNIFE,1
65+,9,X,302.0,BLUNT INSTRUMENT,1
65+,9,X,304.0,CLUB/BAT,1
65+,9,X,306.0,ROCK/THROWN OBJECT,1
65+,9,X,308.0,STICK,1
65+,9,X,512.0,MACE/PEPPER SPRAY,1
